<?xml version="1.0" encoding="UTF-8"?>
<Metadata>
  <Abstracted_Metadata>
    <Orbit_State_Vectors>
      <orbit_vector1>
        <attrib name="time" value="02-NOV-2014 17:40:51.975000" type="51" />
        <attrib name="x_pos" value="4564261.180976606" type="31" />
        <attrib name="y_pos" value="-384119.2083739628" type="31" />
        <attrib name="z_pos" value="5383838.96361966" type="31" />
        <attrib name="x_vel" value="-5732.50110549999" type="31" />
        <attrib name="y_vel" value="-1508.536589942104" type="31" />
        <attrib name="z_vel" value="4740.459205080648" type="31" />
      </orbit_vector1>
      <orbit_vector2>
        <attrib name="time" value="02-NOV-2014 17:40:52.975000" type="51" />
        <attrib name="x_pos" value="4558526.013371814" type="31" />
        <attrib name="y_pos" value="-385627.1116334402" type="31" />
        <attrib name="z_pos" value="5388576.383948617" type="31" />
        <attrib name="x_vel" value="-5737.831796822705" type="31" />
        <attrib name="y_vel" value="-1507.268971438082" type="31" />
        <attrib name="z_vel" value="4734.379585724588" type="31" />
      </orbit_vector2>
      <orbit_vector3>
        <attrib name="time" value="02-NOV-2014 17:40:53.975000" type="51" />
        <attrib name="x_pos" value="4552785.518406169" type="31" />
        <attrib name="y_pos" value="-387133.7459364638" type="31" />
        <attrib name="z_pos" value="5393307.721987263" type="31" />
        <attrib name="x_vel" value="-5743.155876097598" type="31" />
        <attrib name="y_vel" value="-1505.99907304305" type="31" />
        <attrib name="z_vel" value="4728.294641308015" type="31" />
      </orbit_vector3>
      <orbit_vector4>
        <attrib name="time" value="02-NOV-2014 17:40:54.975000" type="51" />
        <attrib name="x_pos" value="4547039.702691906" type="31" />
        <attrib name="y_pos" value="-388639.1090270285" type="31" />
        <attrib name="z_pos" value="5398032.97241492" type="31" />
        <attrib name="x_vel" value="-5748.473283192674" type="31" />
        <attrib name="y_vel" value="-1504.726523124741" type="31" />
        <attrib name="z_vel" value="4722.204361194504" type="31" />
      </orbit_vector4>
      <orbit_vector5>
        <attrib name="time" value="02-NOV-2014 17:40:55.975000" type="51" />
        <attrib name="x_pos" value="4541288.572931512" type="31" />
        <attrib name="y_pos" value="-390143.1983261892" type="31" />
        <attrib name="z_pos" value="5402752.12987321" type="31" />
        <attrib name="x_vel" value="-5753.784059486992" type="31" />
        <attrib name="y_vel" value="-1503.451336912447" type="31" />
        <attrib name="z_vel" value="4716.108789439369" type="31" />
      </orbit_vector5>
      <orbit_vector6>
        <attrib name="time" value="02-NOV-2014 17:40:56.975000" type="51" />
        <attrib name="x_pos" value="4535532.135694306" type="31" />
        <attrib name="y_pos" value="-391646.0113968037" type="31" />
        <attrib name="z_pos" value="5407465.189111664" type="31" />
        <attrib name="x_vel" value="-5759.08820815994" type="31" />
        <attrib name="y_vel" value="-1502.173878444833" type="31" />
        <attrib name="z_vel" value="4710.007915800241" type="31" />
      </orbit_vector6>
      <orbit_vector7>
        <attrib name="time" value="02-NOV-2014 17:40:57.975000" type="51" />
        <attrib name="x_pos" value="4529770.397627304" type="31" />
        <attrib name="y_pos" value="-393147.5456824162" type="31" />
        <attrib name="z_pos" value="5412172.144838532" type="31" />
        <attrib name="x_vel" value="-5764.385723224907" type="31" />
        <attrib name="y_vel" value="-1500.894149592785" type="31" />
        <attrib name="z_vel" value="4703.901747301453" type="31" />
      </orbit_vector7>
      <orbit_vector8>
        <attrib name="time" value="02-NOV-2014 17:40:58.975000" type="51" />
        <attrib name="x_pos" value="4524003.365356871" type="31" />
        <attrib name="y_pos" value="-394647.798938278" type="31" />
        <attrib name="z_pos" value="5416872.991769089" type="31" />
        <attrib name="x_vel" value="-5769.676566703994" type="31" />
        <attrib name="y_vel" value="-1499.611786229584" type="31" />
        <attrib name="z_vel" value="4697.790290776258" type="31" />
      </orbit_vector8>
      <orbit_vector9>
        <attrib name="time" value="02-NOV-2014 17:40:59.975000" type="51" />
        <attrib name="x_pos" value="4518231.045542815" type="31" />
        <attrib name="y_pos" value="-396146.7686125526" type="31" />
        <attrib name="z_pos" value="5421567.724625169" type="31" />
        <attrib name="x_vel" value="-5774.96073186851" type="31" />
        <attrib name="y_vel" value="-1498.326791529245" type="31" />
        <attrib name="z_vel" value="4691.67355294867" type="31" />
      </orbit_vector9>
      <orbit_vector10>
        <attrib name="time" value="02-NOV-2014 17:41:00.975000" type="51" />
        <attrib name="x_pos" value="4512453.444843017" type="31" />
        <attrib name="y_pos" value="-397644.4522618609" type="31" />
        <attrib name="z_pos" value="5426256.33813475" type="31" />
        <attrib name="x_vel" value="-5780.238243984877" type="31" />
        <attrib name="y_vel" value="-1497.039533106618" type="31" />
        <attrib name="z_vel" value="4685.551540355522" type="31" />
      </orbit_vector10>
      <orbit_vector11>
        <attrib name="time" value="02-NOV-2014 17:41:01.975000" type="51" />
        <attrib name="x_pos" value="4506670.569932478" type="31" />
        <attrib name="y_pos" value="-399140.8473392115" type="31" />
        <attrib name="z_pos" value="5430938.827031515" type="31" />
        <attrib name="x_vel" value="-5785.509096316538" type="31" />
        <attrib name="y_vel" value="-1495.750012647756" type="31" />
        <attrib name="z_vel" value="4679.424259426217" type="31" />
      </orbit_vector11>
      <orbit_vector12>
        <attrib name="time" value="02-NOV-2014 17:41:02.975000" type="51" />
        <attrib name="x_pos" value="4500882.427467276" type="31" />
        <attrib name="y_pos" value="-400635.9516072053" type="31" />
        <attrib name="z_pos" value="5435615.186054468" type="31" />
        <attrib name="x_vel" value="-5790.773249672803" type="31" />
        <attrib name="y_vel" value="-1494.457867718789" type="31" />
        <attrib name="z_vel" value="4673.291716463224" type="31" />
      </orbit_vector12>
      <orbit_vector13>
        <attrib name="time" value="02-NOV-2014 17:41:03.975000" type="51" />
        <attrib name="x_pos" value="4495089.024139398" type="31" />
        <attrib name="y_pos" value="-402129.7625224245" type="31" />
        <attrib name="z_pos" value="5440285.409947586" type="31" />
        <attrib name="x_vel" value="-5796.030696668824" type="31" />
        <attrib name="y_vel" value="-1493.163101335114" type="31" />
        <attrib name="z_vel" value="4667.153917633676" type="31" />
      </orbit_vector13>
      <orbit_vector14>
        <attrib name="time" value="02-NOV-2014 17:41:04.975000" type="51" />
        <attrib name="x_pos" value="4489290.366637137" type="31" />
        <attrib name="y_pos" value="-403622.2776497825" type="31" />
        <attrib name="z_pos" value="5444949.493462248" type="31" />
        <attrib name="x_vel" value="-5801.281504184821" type="31" />
        <attrib name="y_vel" value="-1491.866089693555" type="31" />
        <attrib name="z_vel" value="4661.010902032692" type="31" />
      </orbit_vector14>
      <orbit_vector15>
        <attrib name="time" value="02-NOV-2014 17:41:05.975000" type="51" />
        <attrib name="x_pos" value="4483486.461561415" type="31" />
        <attrib name="y_pos" value="-405113.494477678" type="31" />
        <attrib name="z_pos" value="5449607.431438236" type="31" />
        <attrib name="x_vel" value="-5806.525579393503" type="31" />
        <attrib name="y_vel" value="-1490.566812581254" type="31" />
        <attrib name="z_vel" value="4654.862607914916" type="31" />
      </orbit_vector15>
      <orbit_vector16>
        <attrib name="time" value="02-NOV-2014 17:41:06.975000" type="51" />
        <attrib name="x_pos" value="4477677.315728255" type="31" />
        <attrib name="y_pos" value="-406603.4107430591" type="31" />
        <attrib name="z_pos" value="5454259.218535437" type="31" />
        <attrib name="x_vel" value="-5811.762922723171" type="31" />
        <attrib name="y_vel" value="-1489.26491968881" type="31" />
        <attrib name="z_vel" value="4648.709073418518" type="31" />
      </orbit_vector16>
      <orbit_vector17>
        <attrib name="time" value="02-NOV-2014 17:41:07.975000" type="51" />
        <attrib name="x_pos" value="4471862.935876766" type="31" />
        <attrib name="y_pos" value="-408092.0239071658" type="31" />
        <attrib name="z_pos" value="5458904.849508165" type="31" />
        <attrib name="x_vel" value="-5816.993526920566" type="31" />
        <attrib name="y_vel" value="-1487.96041408875" type="31" />
        <attrib name="z_vel" value="4642.550304859765" type="31" />
      </orbit_vector17>
      <orbit_vector18>
        <attrib name="time" value="02-NOV-2014 17:41:08.975000" type="51" />
        <attrib name="x_pos" value="4466043.328744889" type="31" />
        <attrib name="y_pos" value="-409579.3315383596" type="31" />
        <attrib name="z_pos" value="5463544.319116045" type="31" />
        <attrib name="x_vel" value="-5822.217418104723" type="31" />
        <attrib name="y_vel" value="-1486.653659659716" type="31" />
        <attrib name="z_vel" value="4636.38630878839" type="31" />
      </orbit_vector18>
      <orbit_vector19>
        <attrib name="time" value="02-NOV-2014 17:41:09.975000" type="51" />
        <attrib name="x_pos" value="4460218.500691943" type="31" />
        <attrib name="y_pos" value="-411065.331203445" type="31" />
        <attrib name="z_pos" value="5468177.622439125" type="31" />
        <attrib name="x_vel" value="-5827.424901809683" type="31" />
        <attrib name="y_vel" value="-1485.342189066278" type="31" />
        <attrib name="z_vel" value="4630.209395496004" type="31" />
      </orbit_vector19>
      <orbit_vector20>
        <attrib name="time" value="02-NOV-2014 17:41:10.975000" type="51" />
        <attrib name="x_pos" value="4454388.465134096" type="31" />
        <attrib name="y_pos" value="-412550.0189744023" type="31" />
        <attrib name="z_pos" value="5472804.748949707" type="31" />
        <attrib name="x_vel" value="-5832.645806232635" type="31" />
        <attrib name="y_vel" value="-1484.033258087144" type="31" />
        <attrib name="z_vel" value="4624.043307589686" type="31" />
      </orbit_vector20>
      <orbit_vector21>
        <attrib name="time" value="02-NOV-2014 17:41:11.975000" type="51" />
        <attrib name="x_pos" value="4448553.216667031" type="31" />
        <attrib name="y_pos" value="-414033.3954218948" type="31" />
        <attrib name="z_pos" value="5477425.703088778" type="31" />
        <attrib name="x_vel" value="-5837.849455222377" type="31" />
        <attrib name="y_vel" value="-1482.719048873474" type="31" />
        <attrib name="z_vel" value="4617.863669508884" type="31" />
      </orbit_vector21>
      <orbit_vector22>
        <attrib name="time" value="02-NOV-2014 17:41:12.975000" type="51" />
        <attrib name="x_pos" value="4442712.767939888" type="31" />
        <attrib name="y_pos" value="-415515.4566237006" type="31" />
        <attrib name="z_pos" value="5482040.474966821" type="31" />
        <attrib name="x_vel" value="-5843.046367124889" type="31" />
        <attrib name="y_vel" value="-1481.402599842201" type="31" />
        <attrib name="z_vel" value="4611.67883226456" type="31" />
      </orbit_vector22>
      <orbit_vector23>
        <attrib name="time" value="02-NOV-2014 17:41:13.975000" type="51" />
        <attrib name="x_pos" value="4436867.125730249" type="31" />
        <attrib name="y_pos" value="-416996.2000567059" type="31" />
        <attrib name="z_pos" value="5486649.059379254" type="31" />
        <attrib name="x_vel" value="-5848.236536708233" type="31" />
        <attrib name="y_vel" value="-1480.083913089075" type="31" />
        <attrib name="z_vel" value="4605.488803488705" type="31" />
      </orbit_vector23>
    </Orbit_State_Vectors>
    <SRGR_Coefficients>
      <srgr_coef_list.1>
        <coefficient.1>
          <attrib name="srgr_coef" value="802740.6364651838" type="31" unit="" desc="SRGR Coefficient" />
        </coefficient.1>
        <coefficient.2>
          <attrib name="srgr_coef" value="0.5084341250894843" type="31" unit="" desc="SRGR Coefficient" />
        </coefficient.2>
        <coefficient.3>
          <attrib name="srgr_coef" value="5.303669283328638E-7" type="31" unit="" desc="SRGR Coefficient" />
        </coefficient.3>
        <coefficient.4>
          <attrib name="srgr_coef" value="-3.510383351943116E-13" type="31" unit="" desc="SRGR Coefficient" />
        </coefficient.4>
        <coefficient.5>
          <attrib name="srgr_coef" value="1.132448871527651E-19" type="31" unit="" desc="SRGR Coefficient" />
        </coefficient.5>
        <attrib name="zero_doppler_time" value="02-NOV-2014 17:40:51.962000" type="51" />
        <attrib name="ground_range_origin" value="0.0" type="31" unit="m" desc="Ground Range Origin" />
      </srgr_coef_list.1>
      <srgr_coef_list.2>
        <coefficient.1>
          <attrib name="srgr_coef" value="802740.6364651838" type="31" unit="" desc="SRGR Coefficient" />
        </coefficient.1>
        <coefficient.2>
          <attrib name="srgr_coef" value="0.5084426515545536" type="31" unit="" desc="SRGR Coefficient" />
        </coefficient.2>
        <coefficient.3>
          <attrib name="srgr_coef" value="5.303605898664227E-7" type="31" unit="" desc="SRGR Coefficient" />
        </coefficient.3>
        <coefficient.4>
          <attrib name="srgr_coef" value="-3.510387769628734E-13" type="31" unit="" desc="SRGR Coefficient" />
        </coefficient.4>
        <coefficient.5>
          <attrib name="srgr_coef" value="1.132484889138458E-19" type="31" unit="" desc="SRGR Coefficient" />
        </coefficient.5>
        <attrib name="zero_doppler_time" value="02-NOV-2014 17:40:52.962000" type="51" />
        <attrib name="ground_range_origin" value="0.0" type="31" unit="m" desc="Ground Range Origin" />
      </srgr_coef_list.2>
      <srgr_coef_list.3>
        <coefficient.1>
          <attrib name="srgr_coef" value="802740.6364651838" type="31" unit="" desc="SRGR Coefficient" />
        </coefficient.1>
        <coefficient.2>
          <attrib name="srgr_coef" value="0.5084511791231842" type="31" unit="" desc="SRGR Coefficient" />
        </coefficient.2>
        <coefficient.3>
          <attrib name="srgr_coef" value="5.30354250671001E-7" type="31" unit="" desc="SRGR Coefficient" />
        </coefficient.3>
        <coefficient.4>
          <attrib name="srgr_coef" value="-3.510392185235488E-13" type="31" unit="" desc="SRGR Coefficient" />
        </coefficient.4>
        <coefficient.5>
          <attrib name="srgr_coef" value="1.132520903352679E-19" type="31" unit="" desc="SRGR Coefficient" />
        </coefficient.5>
        <attrib name="zero_doppler_time" value="02-NOV-2014 17:40:53.962000" type="51" />
        <attrib name="ground_range_origin" value="0.0" type="31" unit="m" desc="Ground Range Origin" />
      </srgr_coef_list.3>
      <srgr_coef_list.4>
        <coefficient.1>
          <attrib name="srgr_coef" value="802740.6364651838" type="31" unit="" desc="SRGR Coefficient" />
        </coefficient.1>
        <coefficient.2>
          <attrib name="srgr_coef" value="0.5084597079793406" type="31" unit="" desc="SRGR Coefficient" />
        </coefficient.2>
        <coefficient.3>
          <attrib name="srgr_coef" value="5.303479106771575E-7" type="31" unit="" desc="SRGR Coefficient" />
        </coefficient.3>
        <coefficient.4>
          <attrib name="srgr_coef" value="-3.510396608063012E-13" type="31" unit="" desc="SRGR Coefficient" />
        </coefficient.4>
        <coefficient.5>
          <attrib name="srgr_coef" value="1.132556939308857E-19" type="31" unit="" desc="SRGR Coefficient" />
        </coefficient.5>
        <attrib name="zero_doppler_time" value="02-NOV-2014 17:40:54.962000" type="51" />
        <attrib name="ground_range_origin" value="0.0" type="31" unit="m" desc="Ground Range Origin" />
      </srgr_coef_list.4>
      <srgr_coef_list.5>
        <coefficient.1>
          <attrib name="srgr_coef" value="802740.6364651838" type="31" unit="" desc="SRGR Coefficient" />
        </coefficient.1>
        <coefficient.2>
          <attrib name="srgr_coef" value="0.5084666337311828" type="31" unit="" desc="SRGR Coefficient" />
        </coefficient.2>
        <coefficient.3>
          <attrib name="srgr_coef" value="5.303426903742513E-7" type="31" unit="" desc="SRGR Coefficient" />
        </coefficient.3>
        <coefficient.4>
          <attrib name="srgr_coef" value="-3.510399640295374E-13" type="31" unit="" desc="SRGR Coefficient" />
        </coefficient.4>
        <coefficient.5>
          <attrib name="srgr_coef" value="1.132586071438439E-19" type="31" unit="" desc="SRGR Coefficient" />
        </coefficient.5>
        <attrib name="zero_doppler_time" value="02-NOV-2014 17:40:55.962000" type="51" />
        <attrib name="ground_range_origin" value="0.0" type="31" unit="m" desc="Ground Range Origin" />
      </srgr_coef_list.5>
      <srgr_coef_list.6>
        <coefficient.1>
          <attrib name="srgr_coef" value="802740.6364651838" type="31" unit="" desc="SRGR Coefficient" />
        </coefficient.1>
        <coefficient.2>
          <attrib name="srgr_coef" value="0.5084850172664019" type="31" unit="" desc="SRGR Coefficient" />
        </coefficient.2>
        <coefficient.3>
          <attrib name="srgr_coef" value="5.303294676031474E-7" type="31" unit="" desc="SRGR Coefficient" />
        </coefficient.3>
        <coefficient.4>
          <attrib name="srgr_coef" value="-3.510412587536338E-13" type="31" unit="" desc="SRGR Coefficient" />
        </coefficient.4>
        <coefficient.5>
          <attrib name="srgr_coef" value="1.132664490502621E-19" type="31" unit="" desc="SRGR Coefficient" />
        </coefficient.5>
        <attrib name="zero_doppler_time" value="02-NOV-2014 17:40:56.962000" type="51" />
        <attrib name="ground_range_origin" value="0.0" type="31" unit="m" desc="Ground Range Origin" />
      </srgr_coef_list.6>
      <srgr_coef_list.7>
        <coefficient.1>
          <attrib name="srgr_coef" value="802740.6364651838" type="31" unit="" desc="SRGR Coefficient" />
        </coefficient.1>
        <coefficient.2>
          <attrib name="srgr_coef" value="0.5084895848045202" type="31" unit="" desc="SRGR Coefficient" />
        </coefficient.2>
        <coefficient.3>
          <attrib name="srgr_coef" value="5.303258944573455E-7" type="31" unit="" desc="SRGR Coefficient" />
        </coefficient.3>
        <coefficient.4>
          <attrib name="srgr_coef" value="-3.510413578711036E-13" type="31" unit="" desc="SRGR Coefficient" />
        </coefficient.4>
        <coefficient.5>
          <attrib name="srgr_coef" value="1.132683481896463E-19" type="31" unit="" desc="SRGR Coefficient" />
        </coefficient.5>
        <attrib name="zero_doppler_time" value="02-NOV-2014 17:40:57.962000" type="51" />
        <attrib name="ground_range_origin" value="0.0" type="31" unit="m" desc="Ground Range Origin" />
      </srgr_coef_list.7>
      <srgr_coef_list.8>
        <coefficient.1>
          <attrib name="srgr_coef" value="802740.6364651838" type="31" unit="" desc="SRGR Coefficient" />
        </coefficient.1>
        <coefficient.2>
          <attrib name="srgr_coef" value="0.5084690393192957" type="31" unit="" desc="SRGR Coefficient" />
        </coefficient.2>
        <coefficient.3>
          <attrib name="srgr_coef" value="5.303398612151909E-7" type="31" unit="" desc="SRGR Coefficient" />
        </coefficient.3>
        <coefficient.4>
          <attrib name="srgr_coef" value="-3.510392832023646E-13" type="31" unit="" desc="SRGR Coefficient" />
        </coefficient.4>
        <coefficient.5>
          <attrib name="srgr_coef" value="1.132594433308174E-19" type="31" unit="" desc="SRGR Coefficient" />
        </coefficient.5>
        <attrib name="zero_doppler_time" value="02-NOV-2014 17:40:58.962000" type="51" />
        <attrib name="ground_range_origin" value="0.0" type="31" unit="m" desc="Ground Range Origin" />
      </srgr_coef_list.8>
      <srgr_coef_list.9>
        <coefficient.1>
          <attrib name="srgr_coef" value="802740.6364651838" type="31" unit="" desc="SRGR Coefficient" />
        </coefficient.1>
        <coefficient.2>
          <attrib name="srgr_coef" value="0.5084285903453238" type="31" unit="" desc="SRGR Coefficient" />
        </coefficient.2>
        <coefficient.3>
          <attrib name="srgr_coef" value="5.30367727834235E-7" type="31" unit="" desc="SRGR Coefficient" />
        </coefficient.3>
        <coefficient.4>
          <attrib name="srgr_coef" value="-3.510354837383264E-13" type="31" unit="" desc="SRGR Coefficient" />
        </coefficient.4>
        <coefficient.5>
          <attrib name="srgr_coef" value="1.132419761641788E-19" type="31" unit="" desc="SRGR Coefficient" />
        </coefficient.5>
        <attrib name="zero_doppler_time" value="02-NOV-2014 17:40:59.962000" type="51" />
        <attrib name="ground_range_origin" value="0.0" type="31" unit="m" desc="Ground Range Origin" />
      </srgr_coef_list.9>
      <srgr_coef_list.10>
        <coefficient.1>
          <attrib name="srgr_coef" value="802740.6364651838" type="31" unit="" desc="SRGR Coefficient" />
        </coefficient.1>
        <coefficient.2>
          <attrib name="srgr_coef" value="0.5083860936319162" type="31" unit="" desc="SRGR Coefficient" />
        </coefficient.2>
        <coefficient.3>
          <attrib name="srgr_coef" value="5.303970223426236E-7" type="31" unit="" desc="SRGR Coefficient" />
        </coefficient.3>
        <coefficient.4>
          <attrib name="srgr_coef" value="-3.510315029378332E-13" type="31" unit="" desc="SRGR Coefficient" />
        </coefficient.4>
        <coefficient.5>
          <attrib name="srgr_coef" value="1.132236264661138E-19" type="31" unit="" desc="SRGR Coefficient" />
        </coefficient.5>
        <attrib name="zero_doppler_time" value="02-NOV-2014 17:41:00.962000" type="51" />
        <attrib name="ground_range_origin" value="0.0" type="31" unit="m" desc="Ground Range Origin" />
      </srgr_coef_list.10>
      <srgr_coef_list.11>
        <coefficient.1>
          <attrib name="srgr_coef" value="802740.6364651838" type="31" unit="" desc="SRGR Coefficient" />
        </coefficient.1>
        <coefficient.2>
          <attrib name="srgr_coef" value="0.5083556280002717" type="31" unit="" desc="SRGR Coefficient" />
        </coefficient.2>
        <coefficient.3>
          <attrib name="srgr_coef" value="5.304179138462886E-7" type="31" unit="" desc="SRGR Coefficient" />
        </coefficient.3>
        <coefficient.4>
          <attrib name="srgr_coef" value="-3.510285634651637E-13" type="31" unit="" desc="SRGR Coefficient" />
        </coefficient.4>
        <coefficient.5>
          <attrib name="srgr_coef" value="1.132104527464805E-19" type="31" unit="" desc="SRGR Coefficient" />
        </coefficient.5>
        <attrib name="zero_doppler_time" value="02-NOV-2014 17:41:01.962000" type="51" />
        <attrib name="ground_range_origin" value="0.0" type="31" unit="m" desc="Ground Range Origin" />
      </srgr_coef_list.11>
      <srgr_coef_list.12>
        <coefficient.1>
          <attrib name="srgr_coef" value="802740.6364651838" type="31" unit="" desc="SRGR Coefficient" />
        </coefficient.1>
        <coefficient.2>
          <attrib name="srgr_coef" value="0.5083081175389254" type="31" unit="" desc="SRGR Coefficient" />
        </coefficient.2>
        <coefficient.3>
          <attrib name="srgr_coef" value="5.3045070527315E-7" type="31" unit="" desc="SRGR Coefficient" />
        </coefficient.3>
        <coefficient.4>
          <attrib name="srgr_coef" value="-3.510241405189493E-13" type="31" unit="" desc="SRGR Coefficient" />
        </coefficient.4>
        <coefficient.5>
          <attrib name="srgr_coef" value="1.131899432716974E-19" type="31" unit="" desc="SRGR Coefficient" />
        </coefficient.5>
        <attrib name="zero_doppler_time" value="02-NOV-2014 17:41:02.962000" type="51" />
        <attrib name="ground_range_origin" value="0.0" type="31" unit="m" desc="Ground Range Origin" />
      </srgr_coef_list.12>
      <srgr_coef_list.13>
        <coefficient.1>
          <attrib name="srgr_coef" value="802740.6364651838" type="31" unit="" desc="SRGR Coefficient" />
        </coefficient.1>
        <coefficient.2>
          <attrib name="srgr_coef" value="0.508234838852416" type="31" unit="" desc="SRGR Coefficient" />
        </coefficient.2>
        <coefficient.3>
          <attrib name="srgr_coef" value="5.305014837335586E-7" type="31" unit="" desc="SRGR Coefficient" />
        </coefficient.3>
        <coefficient.4>
          <attrib name="srgr_coef" value="-3.510174711285555E-13" type="31" unit="" desc="SRGR Coefficient" />
        </coefficient.4>
        <coefficient.5>
          <attrib name="srgr_coef" value="1.131583449661726E-19" type="31" unit="" desc="SRGR Coefficient" />
        </coefficient.5>
        <attrib name="zero_doppler_time" value="02-NOV-2014 17:41:03.962000" type="51" />
        <attrib name="ground_range_origin" value="0.0" type="31" unit="m" desc="Ground Range Origin" />
      </srgr_coef_list.13>
      <srgr_coef_list.14>
        <coefficient.1>
          <attrib name="srgr_coef" value="802740.6364651838" type="31" unit="" desc="SRGR Coefficient" />
        </coefficient.1>
        <coefficient.2>
          <attrib name="srgr_coef" value="0.5081740214350382" type="31" unit="" desc="SRGR Coefficient" />
        </coefficient.2>
        <coefficient.3>
          <attrib name="srgr_coef" value="5.305435567629202E-7" type="31" unit="" desc="SRGR Coefficient" />
        </coefficient.3>
        <coefficient.4>
          <attrib name="srgr_coef" value="-3.510118754909399E-13" type="31" unit="" desc="SRGR Coefficient" />
        </coefficient.4>
        <coefficient.5>
          <attrib name="srgr_coef" value="1.131321030143724E-19" type="31" unit="" desc="SRGR Coefficient" />
        </coefficient.5>
        <attrib name="zero_doppler_time" value="02-NOV-2014 17:41:04.962000" type="51" />
        <attrib name="ground_range_origin" value="0.0" type="31" unit="m" desc="Ground Range Origin" />
      </srgr_coef_list.14>
      <srgr_coef_list.15>
        <coefficient.1>
          <attrib name="srgr_coef" value="802740.6364651838" type="31" unit="" desc="SRGR Coefficient" />
        </coefficient.1>
        <coefficient.2>
          <attrib name="srgr_coef" value="0.5081399431955373" type="31" unit="" desc="SRGR Coefficient" />
        </coefficient.2>
        <coefficient.3>
          <attrib name="srgr_coef" value="5.305669619506072E-7" type="31" unit="" desc="SRGR Coefficient" />
        </coefficient.3>
        <coefficient.4>
          <attrib name="srgr_coef" value="-3.510086073048669E-13" type="31" unit="" desc="SRGR Coefficient" />
        </coefficient.4>
        <coefficient.5>
          <attrib name="srgr_coef" value="1.131173697523524E-19" type="31" unit="" desc="SRGR Coefficient" />
        </coefficient.5>
        <attrib name="zero_doppler_time" value="02-NOV-2014 17:41:05.962000" type="51" />
        <attrib name="ground_range_origin" value="0.0" type="31" unit="m" desc="Ground Range Origin" />
      </srgr_coef_list.15>
      <srgr_coef_list.16>
        <coefficient.1>
          <attrib name="srgr_coef" value="802740.6364651838" type="31" unit="" desc="SRGR Coefficient" />
        </coefficient.1>
        <coefficient.2>
          <attrib name="srgr_coef" value="0.508124251264395" type="31" unit="" desc="SRGR Coefficient" />
        </coefficient.2>
        <coefficient.3>
          <attrib name="srgr_coef" value="5.305775328766563E-7" type="31" unit="" desc="SRGR Coefficient" />
        </coefficient.3>
        <coefficient.4>
          <attrib name="srgr_coef" value="-3.510069424710644E-13" type="31" unit="" desc="SRGR Coefficient" />
        </coefficient.4>
        <coefficient.5>
          <attrib name="srgr_coef" value="1.131105500707091E-19" type="31" unit="" desc="SRGR Coefficient" />
        </coefficient.5>
        <attrib name="zero_doppler_time" value="02-NOV-2014 17:41:06.962000" type="51" />
        <attrib name="ground_range_origin" value="0.0" type="31" unit="m" desc="Ground Range Origin" />
      </srgr_coef_list.16>
      <srgr_coef_list.17>
        <coefficient.1>
          <attrib name="srgr_coef" value="802740.6364651838" type="31" unit="" desc="SRGR Coefficient" />
        </coefficient.1>
        <coefficient.2>
          <attrib name="srgr_coef" value="0.50811202515362" type="31" unit="" desc="SRGR Coefficient" />
        </coefficient.2>
        <coefficient.3>
          <attrib name="srgr_coef" value="5.305856846099894E-7" type="31" unit="" desc="SRGR Coefficient" />
        </coefficient.3>
        <coefficient.4>
          <attrib name="srgr_coef" value="-3.510055795421461E-13" type="31" unit="" desc="SRGR Coefficient" />
        </coefficient.4>
        <coefficient.5>
          <attrib name="srgr_coef" value="1.131052213631768E-19" type="31" unit="" desc="SRGR Coefficient" />
        </coefficient.5>
        <attrib name="zero_doppler_time" value="02-NOV-2014 17:41:07.962000" type="51" />
        <attrib name="ground_range_origin" value="0.0" type="31" unit="m" desc="Ground Range Origin" />
      </srgr_coef_list.17>
      <srgr_coef_list.18>
        <coefficient.1>
          <attrib name="srgr_coef" value="802740.6364651838" type="31" unit="" desc="SRGR Coefficient" />
        </coefficient.1>
        <coefficient.2>
          <attrib name="srgr_coef" value="0.5080936115164689" type="31" unit="" desc="SRGR Coefficient" />
        </coefficient.2>
        <coefficient.3>
          <attrib name="srgr_coef" value="5.305981549200993E-7" type="31" unit="" desc="SRGR Coefficient" />
        </coefficient.3>
        <coefficient.4>
          <attrib name="srgr_coef" value="-3.510036766882494E-13" type="31" unit="" desc="SRGR Coefficient" />
        </coefficient.4>
        <coefficient.5>
          <attrib name="srgr_coef" value="1.130972307568179E-19" type="31" unit="" desc="SRGR Coefficient" />
        </coefficient.5>
        <attrib name="zero_doppler_time" value="02-NOV-2014 17:41:08.962000" type="51" />
        <attrib name="ground_range_origin" value="0.0" type="31" unit="m" desc="Ground Range Origin" />
      </srgr_coef_list.18>
      <srgr_coef_list.19>
        <coefficient.1>
          <attrib name="srgr_coef" value="802740.6364651838" type="31" unit="" desc="SRGR Coefficient" />
        </coefficient.1>
        <coefficient.2>
          <attrib name="srgr_coef" value="0.5080881637303021" type="31" unit="" desc="SRGR Coefficient" />
        </coefficient.2>
        <coefficient.3>
          <attrib name="srgr_coef" value="5.306015756500761E-7" type="31" unit="" desc="SRGR Coefficient" />
        </coefficient.3>
        <coefficient.4>
          <attrib name="srgr_coef" value="-3.510029049838767E-13" type="31" unit="" desc="SRGR Coefficient" />
        </coefficient.4>
        <coefficient.5>
          <attrib name="srgr_coef" value="1.130948185742631E-19" type="31" unit="" desc="SRGR Coefficient" />
        </coefficient.5>
        <attrib name="zero_doppler_time" value="02-NOV-2014 17:41:09.962000" type="51" />
        <attrib name="ground_range_origin" value="0.0" type="31" unit="m" desc="Ground Range Origin" />
      </srgr_coef_list.19>
      <srgr_coef_list.20>
        <coefficient.1>
          <attrib name="srgr_coef" value="802740.6364651838" type="31" unit="" desc="SRGR Coefficient" />
        </coefficient.1>
        <coefficient.2>
          <attrib name="srgr_coef" value="0.5080847971103988" type="31" unit="" desc="SRGR Coefficient" />
        </coefficient.2>
        <coefficient.3>
          <attrib name="srgr_coef" value="5.306035441182309E-7" type="31" unit="" desc="SRGR Coefficient" />
        </coefficient.3>
        <coefficient.4>
          <attrib name="srgr_coef" value="-3.510023158929831E-13" type="31" unit="" desc="SRGR Coefficient" />
        </coefficient.4>
        <coefficient.5>
          <attrib name="srgr_coef" value="1.130933036540608E-19" type="31" unit="" desc="SRGR Coefficient" />
        </coefficient.5>
        <attrib name="zero_doppler_time" value="02-NOV-2014 17:41:10.962000" type="51" />
        <attrib name="ground_range_origin" value="0.0" type="31" unit="m" desc="Ground Range Origin" />
      </srgr_coef_list.20>
      <srgr_coef_list.21>
        <coefficient.1>
          <attrib name="srgr_coef" value="802740.6364651838" type="31" unit="" desc="SRGR Coefficient" />
        </coefficient.1>
        <coefficient.2>
          <attrib name="srgr_coef" value="0.5080814350268539" type="31" unit="" desc="SRGR Coefficient" />
        </coefficient.2>
        <coefficient.3>
          <attrib name="srgr_coef" value="5.306055095929439E-7" type="31" unit="" desc="SRGR Coefficient" />
        </coefficient.3>
        <coefficient.4>
          <attrib name="srgr_coef" value="-3.510017274307144E-13" type="31" unit="" desc="SRGR Coefficient" />
        </coefficient.4>
        <coefficient.5>
          <attrib name="srgr_coef" value="1.130917908376326E-19" type="31" unit="" desc="SRGR Coefficient" />
        </coefficient.5>
        <attrib name="zero_doppler_time" value="02-NOV-2014 17:41:11.962000" type="51" />
        <attrib name="ground_range_origin" value="0.0" type="31" unit="m" desc="Ground Range Origin" />
      </srgr_coef_list.21>
      <srgr_coef_list.22>
        <coefficient.1>
          <attrib name="srgr_coef" value="802740.6364651838" type="31" unit="" desc="SRGR Coefficient" />
        </coefficient.1>
        <coefficient.2>
          <attrib name="srgr_coef" value="0.5080780776904305" type="31" unit="" desc="SRGR Coefficient" />
        </coefficient.2>
        <coefficient.3>
          <attrib name="srgr_coef" value="5.306074718806244E-7" type="31" unit="" desc="SRGR Coefficient" />
        </coefficient.3>
        <coefficient.4>
          <attrib name="srgr_coef" value="-3.510011393540533E-13" type="31" unit="" desc="SRGR Coefficient" />
        </coefficient.4>
        <coefficient.5>
          <attrib name="srgr_coef" value="1.13090280024301E-19" type="31" unit="" desc="SRGR Coefficient" />
        </coefficient.5>
        <attrib name="zero_doppler_time" value="02-NOV-2014 17:41:12.962000" type="51" />
        <attrib name="ground_range_origin" value="0.0" type="31" unit="m" desc="Ground Range Origin" />
      </srgr_coef_list.22>
      <srgr_coef_list.23>
        <coefficient.1>
          <attrib name="srgr_coef" value="802740.6364651838" type="31" unit="" desc="SRGR Coefficient" />
        </coefficient.1>
        <coefficient.2>
          <attrib name="srgr_coef" value="0.5080747252892613" type="31" unit="" desc="SRGR Coefficient" />
        </coefficient.2>
        <coefficient.3>
          <attrib name="srgr_coef" value="5.306094308712766E-7" type="31" unit="" desc="SRGR Coefficient" />
        </coefficient.3>
        <coefficient.4>
          <attrib name="srgr_coef" value="-3.510005518346158E-13" type="31" unit="" desc="SRGR Coefficient" />
        </coefficient.4>
        <coefficient.5>
          <attrib name="srgr_coef" value="1.130887714175888E-19" type="31" unit="" desc="SRGR Coefficient" />
        </coefficient.5>
        <attrib name="zero_doppler_time" value="02-NOV-2014 17:41:13.962000" type="51" />
        <attrib name="ground_range_origin" value="0.0" type="31" unit="m" desc="Ground Range Origin" />
      </srgr_coef_list.23>
      <srgr_coef_list.24>
        <coefficient.1>
          <attrib name="srgr_coef" value="802740.6364651838" type="31" unit="" desc="SRGR Coefficient" />
        </coefficient.1>
        <coefficient.2>
          <attrib name="srgr_coef" value="0.5080713780036938" type="31" unit="" desc="SRGR Coefficient" />
        </coefficient.2>
        <coefficient.3>
          <attrib name="srgr_coef" value="5.306113863689283E-7" type="31" unit="" desc="SRGR Coefficient" />
        </coefficient.3>
        <coefficient.4>
          <attrib name="srgr_coef" value="-3.509999642905843E-13" type="31" unit="" desc="SRGR Coefficient" />
        </coefficient.4>
        <coefficient.5>
          <attrib name="srgr_coef" value="1.130872638246157E-19" type="31" unit="" desc="SRGR Coefficient" />
        </coefficient.5>
        <attrib name="zero_doppler_time" value="02-NOV-2014 17:41:14.962000" type="51" />
        <attrib name="ground_range_origin" value="0.0" type="31" unit="m" desc="Ground Range Origin" />
      </srgr_coef_list.24>
    </SRGR_Coefficients>
    <Doppler_Centroid_Coefficients>
      <dop_coef_list.1>
        <coefficient.1>
          <attrib name="dop_coef" value="2.745737" type="31" unit="" desc="Doppler Centroid Coefficient" />
        </coefficient.1>
        <coefficient.2>
          <attrib name="dop_coef" value="2543.777" type="31" unit="" desc="Doppler Centroid Coefficient" />
        </coefficient.2>
        <coefficient.3>
          <attrib name="dop_coef" value="-691795.6" type="31" unit="" desc="Doppler Centroid Coefficient" />
        </coefficient.3>
        <attrib name="zero_doppler_time" value="02-NOV-2014 17:40:55.256429" type="51" />
        <attrib name="slant_range_time" value="5354935.057593222" type="31" unit="ns" desc="Slant Range Time" />
      </dop_coef_list.1>
      <dop_coef_list.2>
        <coefficient.1>
          <attrib name="dop_coef" value="2.745737" type="31" unit="" desc="Doppler Centroid Coefficient" />
        </coefficient.1>
        <coefficient.2>
          <attrib name="dop_coef" value="2543.777" type="31" unit="" desc="Doppler Centroid Coefficient" />
        </coefficient.2>
        <coefficient.3>
          <attrib name="dop_coef" value="-691795.6" type="31" unit="" desc="Doppler Centroid Coefficient" />
        </coefficient.3>
        <attrib name="zero_doppler_time" value="02-NOV-2014 17:40:55.335168" type="51" />
        <attrib name="slant_range_time" value="5354935.057593222" type="31" unit="ns" desc="Slant Range Time" />
      </dop_coef_list.2>
      <dop_coef_list.3>
        <coefficient.1>
          <attrib name="dop_coef" value="2.745737" type="31" unit="" desc="Doppler Centroid Coefficient" />
        </coefficient.1>
        <coefficient.2>
          <attrib name="dop_coef" value="2543.777" type="31" unit="" desc="Doppler Centroid Coefficient" />
        </coefficient.2>
        <coefficient.3>
          <attrib name="dop_coef" value="-691795.6" type="31" unit="" desc="Doppler Centroid Coefficient" />
        </coefficient.3>
        <attrib name="zero_doppler_time" value="02-NOV-2014 17:40:55.384799" type="51" />
        <attrib name="slant_range_time" value="5354935.057593222" type="31" unit="ns" desc="Slant Range Time" />
      </dop_coef_list.3>
      <dop_coef_list.4>
        <coefficient.1>
          <attrib name="dop_coef" value="2.222862" type="31" unit="" desc="Doppler Centroid Coefficient" />
        </coefficient.1>
        <coefficient.2>
          <attrib name="dop_coef" value="2431.69" type="31" unit="" desc="Doppler Centroid Coefficient" />
        </coefficient.2>
        <coefficient.3>
          <attrib name="dop_coef" value="-654884.9" type="31" unit="" desc="Doppler Centroid Coefficient" />
        </coefficient.3>
        <attrib name="zero_doppler_time" value="02-NOV-2014 17:40:58.014706" type="51" />
        <attrib name="slant_range_time" value="5354935.057593222" type="31" unit="ns" desc="Slant Range Time" />
      </dop_coef_list.4>
      <dop_coef_list.5>
        <coefficient.1>
          <attrib name="dop_coef" value="2.222862" type="31" unit="" desc="Doppler Centroid Coefficient" />
        </coefficient.1>
        <coefficient.2>
          <attrib name="dop_coef" value="2431.69" type="31" unit="" desc="Doppler Centroid Coefficient" />
        </coefficient.2>
        <coefficient.3>
          <attrib name="dop_coef" value="-654884.9" type="31" unit="" desc="Doppler Centroid Coefficient" />
        </coefficient.3>
        <attrib name="zero_doppler_time" value="02-NOV-2014 17:40:58.093445" type="51" />
        <attrib name="slant_range_time" value="5354935.057593222" type="31" unit="ns" desc="Slant Range Time" />
      </dop_coef_list.5>
      <dop_coef_list.6>
        <coefficient.1>
          <attrib name="dop_coef" value="2.222862" type="31" unit="" desc="Doppler Centroid Coefficient" />
        </coefficient.1>
        <coefficient.2>
          <attrib name="dop_coef" value="2431.69" type="31" unit="" desc="Doppler Centroid Coefficient" />
        </coefficient.2>
        <coefficient.3>
          <attrib name="dop_coef" value="-654884.9" type="31" unit="" desc="Doppler Centroid Coefficient" />
        </coefficient.3>
        <attrib name="zero_doppler_time" value="02-NOV-2014 17:40:58.143076" type="51" />
        <attrib name="slant_range_time" value="5354935.057593222" type="31" unit="ns" desc="Slant Range Time" />
      </dop_coef_list.6>
      <dop_coef_list.7>
        <coefficient.1>
          <attrib name="dop_coef" value="2.289184" type="31" unit="" desc="Doppler Centroid Coefficient" />
        </coefficient.1>
        <coefficient.2>
          <attrib name="dop_coef" value="2370.577" type="31" unit="" desc="Doppler Centroid Coefficient" />
        </coefficient.2>
        <coefficient.3>
          <attrib name="dop_coef" value="-640440.2" type="31" unit="" desc="Doppler Centroid Coefficient" />
        </coefficient.3>
        <attrib name="zero_doppler_time" value="02-NOV-2014 17:41:00.772983" type="51" />
        <attrib name="slant_range_time" value="5354935.057593222" type="31" unit="ns" desc="Slant Range Time" />
      </dop_coef_list.7>
      <dop_coef_list.8>
        <coefficient.1>
          <attrib name="dop_coef" value="2.289184" type="31" unit="" desc="Doppler Centroid Coefficient" />
        </coefficient.1>
        <coefficient.2>
          <attrib name="dop_coef" value="2370.577" type="31" unit="" desc="Doppler Centroid Coefficient" />
        </coefficient.2>
        <coefficient.3>
          <attrib name="dop_coef" value="-640440.2" type="31" unit="" desc="Doppler Centroid Coefficient" />
        </coefficient.3>
        <attrib name="zero_doppler_time" value="02-NOV-2014 17:41:00.851722" type="51" />
        <attrib name="slant_range_time" value="5354935.057593222" type="31" unit="ns" desc="Slant Range Time" />
      </dop_coef_list.8>
      <dop_coef_list.9>
        <coefficient.1>
          <attrib name="dop_coef" value="2.289184" type="31" unit="" desc="Doppler Centroid Coefficient" />
        </coefficient.1>
        <coefficient.2>
          <attrib name="dop_coef" value="2370.577" type="31" unit="" desc="Doppler Centroid Coefficient" />
        </coefficient.2>
        <coefficient.3>
          <attrib name="dop_coef" value="-640440.2" type="31" unit="" desc="Doppler Centroid Coefficient" />
        </coefficient.3>
        <attrib name="zero_doppler_time" value="02-NOV-2014 17:41:00.901353" type="51" />
        <attrib name="slant_range_time" value="5354935.057593222" type="31" unit="ns" desc="Slant Range Time" />
      </dop_coef_list.9>
      <dop_coef_list.10>
        <coefficient.1>
          <attrib name="dop_coef" value="2.385862" type="31" unit="" desc="Doppler Centroid Coefficient" />
        </coefficient.1>
        <coefficient.2>
          <attrib name="dop_coef" value="2312.365" type="31" unit="" desc="Doppler Centroid Coefficient" />
        </coefficient.2>
        <coefficient.3>
          <attrib name="dop_coef" value="-627231.8" type="31" unit="" desc="Doppler Centroid Coefficient" />
        </coefficient.3>
        <attrib name="zero_doppler_time" value="02-NOV-2014 17:41:03.531260" type="51" />
        <attrib name="slant_range_time" value="5356400.36749077" type="31" unit="ns" desc="Slant Range Time" />
      </dop_coef_list.10>
      <dop_coef_list.11>
        <coefficient.1>
          <attrib name="dop_coef" value="2.385862" type="31" unit="" desc="Doppler Centroid Coefficient" />
        </coefficient.1>
        <coefficient.2>
          <attrib name="dop_coef" value="2312.365" type="31" unit="" desc="Doppler Centroid Coefficient" />
        </coefficient.2>
        <coefficient.3>
          <attrib name="dop_coef" value="-627231.8" type="31" unit="" desc="Doppler Centroid Coefficient" />
        </coefficient.3>
        <attrib name="zero_doppler_time" value="02-NOV-2014 17:41:03.609999" type="51" />
        <attrib name="slant_range_time" value="5356400.36749077" type="31" unit="ns" desc="Slant Range Time" />
      </dop_coef_list.11>
      <dop_coef_list.12>
        <coefficient.1>
          <attrib name="dop_coef" value="2.385862" type="31" unit="" desc="Doppler Centroid Coefficient" />
        </coefficient.1>
        <coefficient.2>
          <attrib name="dop_coef" value="2312.365" type="31" unit="" desc="Doppler Centroid Coefficient" />
        </coefficient.2>
        <coefficient.3>
          <attrib name="dop_coef" value="-627231.8" type="31" unit="" desc="Doppler Centroid Coefficient" />
        </coefficient.3>
        <attrib name="zero_doppler_time" value="02-NOV-2014 17:41:03.659630" type="51" />
        <attrib name="slant_range_time" value="5356400.36749077" type="31" unit="ns" desc="Slant Range Time" />
      </dop_coef_list.12>
      <dop_coef_list.13>
        <coefficient.1>
          <attrib name="dop_coef" value="2.395625" type="31" unit="" desc="Doppler Centroid Coefficient" />
        </coefficient.1>
        <coefficient.2>
          <attrib name="dop_coef" value="2403.115" type="31" unit="" desc="Doppler Centroid Coefficient" />
        </coefficient.2>
        <coefficient.3>
          <attrib name="dop_coef" value="-650199.9" type="31" unit="" desc="Doppler Centroid Coefficient" />
        </coefficient.3>
        <attrib name="zero_doppler_time" value="02-NOV-2014 17:41:06.289537" type="51" />
        <attrib name="slant_range_time" value="5356400.36749077" type="31" unit="ns" desc="Slant Range Time" />
      </dop_coef_list.13>
      <dop_coef_list.14>
        <coefficient.1>
          <attrib name="dop_coef" value="2.395625" type="31" unit="" desc="Doppler Centroid Coefficient" />
        </coefficient.1>
        <coefficient.2>
          <attrib name="dop_coef" value="2403.115" type="31" unit="" desc="Doppler Centroid Coefficient" />
        </coefficient.2>
        <coefficient.3>
          <attrib name="dop_coef" value="-650199.9" type="31" unit="" desc="Doppler Centroid Coefficient" />
        </coefficient.3>
        <attrib name="zero_doppler_time" value="02-NOV-2014 17:41:06.368276" type="51" />
        <attrib name="slant_range_time" value="5356400.36749077" type="31" unit="ns" desc="Slant Range Time" />
      </dop_coef_list.14>
      <dop_coef_list.15>
        <coefficient.1>
          <attrib name="dop_coef" value="2.395625" type="31" unit="" desc="Doppler Centroid Coefficient" />
        </coefficient.1>
        <coefficient.2>
          <attrib name="dop_coef" value="2403.115" type="31" unit="" desc="Doppler Centroid Coefficient" />
        </coefficient.2>
        <coefficient.3>
          <attrib name="dop_coef" value="-650199.9" type="31" unit="" desc="Doppler Centroid Coefficient" />
        </coefficient.3>
        <attrib name="zero_doppler_time" value="02-NOV-2014 17:41:06.417907" type="51" />
        <attrib name="slant_range_time" value="5356400.36749077" type="31" unit="ns" desc="Slant Range Time" />
      </dop_coef_list.15>
      <dop_coef_list.16>
        <coefficient.1>
          <attrib name="dop_coef" value="1.368146" type="31" unit="" desc="Doppler Centroid Coefficient" />
        </coefficient.1>
        <coefficient.2>
          <attrib name="dop_coef" value="2427.691" type="31" unit="" desc="Doppler Centroid Coefficient" />
        </coefficient.2>
        <coefficient.3>
          <attrib name="dop_coef" value="-639966.6" type="31" unit="" desc="Doppler Centroid Coefficient" />
        </coefficient.3>
        <attrib name="zero_doppler_time" value="02-NOV-2014 17:41:09.047813" type="51" />
        <attrib name="slant_range_time" value="5356400.36749077" type="31" unit="ns" desc="Slant Range Time" />
      </dop_coef_list.16>
      <dop_coef_list.17>
        <coefficient.1>
          <attrib name="dop_coef" value="1.368146" type="31" unit="" desc="Doppler Centroid Coefficient" />
        </coefficient.1>
        <coefficient.2>
          <attrib name="dop_coef" value="2427.691" type="31" unit="" desc="Doppler Centroid Coefficient" />
        </coefficient.2>
        <coefficient.3>
          <attrib name="dop_coef" value="-639966.6" type="31" unit="" desc="Doppler Centroid Coefficient" />
        </coefficient.3>
        <attrib name="zero_doppler_time" value="02-NOV-2014 17:41:09.126552" type="51" />
        <attrib name="slant_range_time" value="5356400.36749077" type="31" unit="ns" desc="Slant Range Time" />
      </dop_coef_list.17>
      <dop_coef_list.18>
        <coefficient.1>
          <attrib name="dop_coef" value="1.368146" type="31" unit="" desc="Doppler Centroid Coefficient" />
        </coefficient.1>
        <coefficient.2>
          <attrib name="dop_coef" value="2427.691" type="31" unit="" desc="Doppler Centroid Coefficient" />
        </coefficient.2>
        <coefficient.3>
          <attrib name="dop_coef" value="-639966.6" type="31" unit="" desc="Doppler Centroid Coefficient" />
        </coefficient.3>
        <attrib name="zero_doppler_time" value="02-NOV-2014 17:41:09.176183" type="51" />
        <attrib name="slant_range_time" value="5356400.36749077" type="31" unit="ns" desc="Slant Range Time" />
      </dop_coef_list.18>
    </Doppler_Centroid_Coefficients>
    <Band_IW_HH>
      <attrib name="swath" value="IW" type="41" unit="" desc="Swath name" />
      <attrib name="polarization" value="HH" type="41" unit="" desc="Polarization" />
      <attrib name="annotation" value="s1a-iw-grd-hh-20141102t174053-20141102t174113-003106-003902-001.xml" type="41" unit="" desc="metadata file" />
      <attrib name="band_names" value="Amplitude_HH" type="41" unit="" desc="corresponding bands" />
      <attrib name="first_line_time" value="02-NOV-2014 17:40:53.974539" type="51" unit="utc" desc="First zero doppler azimuth time" />
      <attrib name="last_line_time" value="02-NOV-2014 17:41:13.076713" type="51" unit="utc" desc="Last zero doppler azimuth time" />
      <attrib name="line_time_interval" value="0.001498679888147249" type="31" unit="s" desc="Time per line" />
      <attrib name="num_output_lines" value="12747" type="22" unit="lines" desc="Raster height" />
      <attrib name="num_samples_per_line" value="25202" type="22" unit="samples" desc="Raster width" />
      <attrib name="sample_type" value="DETECTED" type="41" unit="" desc="DETECTED or COMPLEX" />
      <attrib name="calibration_factor" value="99999.0" type="31" unit="" desc="Calibration constant" />
    </Band_IW_HH>
    <Band_IW_HV>
      <attrib name="swath" value="IW" type="41" unit="" desc="Swath name" />
      <attrib name="polarization" value="HV" type="41" unit="" desc="Polarization" />
      <attrib name="annotation" value="s1a-iw-grd-hv-20141102t174053-20141102t174113-003106-003902-002.xml" type="41" unit="" desc="metadata file" />
      <attrib name="band_names" value="Amplitude_HV" type="41" unit="" desc="corresponding bands" />
      <attrib name="first_line_time" value="02-NOV-2014 17:40:53.974539" type="51" unit="utc" desc="First zero doppler azimuth time" />
      <attrib name="last_line_time" value="02-NOV-2014 17:41:13.076713" type="51" unit="utc" desc="Last zero doppler azimuth time" />
      <attrib name="line_time_interval" value="0.001498679888147249" type="31" unit="s" desc="Time per line" />
      <attrib name="num_output_lines" value="12747" type="22" unit="lines" desc="Raster height" />
      <attrib name="num_samples_per_line" value="25202" type="22" unit="samples" desc="Raster width" />
      <attrib name="sample_type" value="DETECTED" type="41" unit="" desc="DETECTED or COMPLEX" />
      <attrib name="calibration_factor" value="99999.0" type="31" unit="" desc="Calibration constant" />
    </Band_IW_HV>
    <attrib name="PRODUCT" value="S1A_IW_GRDH_1SDH_20141102T174053_20141102T174113_003106_003902_717C" type="41" unit="" desc="Product name" />
    <attrib name="PRODUCT_TYPE" value="GRD" type="41" unit="" desc="Product type" />
    <attrib name="SPH_DESCRIPTOR" value="Sentinel-1 IW Level-1 GRD Product" type="41" unit="" desc="Description" />
    <attrib name="MISSION" value="SENTINEL-1A" type="41" unit="" desc="Satellite mission" />
    <attrib name="ACQUISITION_MODE" value="IW" type="41" unit="" desc="Acquisition mode" />
    <attrib name="antenna_pointing" value="right" type="41" unit="" desc="Right or left facing" />
    <attrib name="BEAMS" value="-" type="41" unit="" desc="Beams used" />
    <attrib name="SWATH" value="-" type="41" unit="" desc="Swath name" />
    <attrib name="PROC_TIME" value="02-NOV-2014 21:24:49.256842" type="51" unit="utc" desc="Processed time" />
    <attrib name="Processing_system_identifier" value="Airbus DS Sentinel-1 IPF 002.36" type="41" unit="" desc="Processing system identifier" />
    <attrib name="orbit_cycle" value="32" type="12" unit="" desc="Cycle" />
    <attrib name="REL_ORBIT" value="59" type="12" unit="" desc="Track" />
    <attrib name="ABS_ORBIT" value="3106" type="12" unit="" desc="Orbit" />
    <attrib name="STATE_VECTOR_TIME" value="02-NOV-2014 17:40:51.975000" type="51" unit="utc" desc="Time of orbit state vector" />
    <attrib name="VECTOR_SOURCE" value="-" type="41" unit="" desc="State vector source" />
    <attrib name="incidence_near" value="30.514069249772685" type="31" unit="deg" desc="" />
    <attrib name="incidence_far" value="45.698852706649426" type="31" unit="deg" desc="" />
    <attrib name="slice_num" value="1" type="12" unit="" desc="Slice number" />
    <attrib name="data_take_id" value="14594" type="12" unit="" desc="Data take identifier" />
    <attrib name="first_line_time" value="02-NOV-2014 17:40:53.974539" type="51" unit="utc" desc="First zero doppler azimuth time" />
    <attrib name="last_line_time" value="02-NOV-2014 17:41:13.076713" type="51" unit="utc" desc="Last zero doppler azimuth time" />
    <attrib name="first_near_lat" value="50.6686897277832" type="31" unit="deg" desc="" />
    <attrib name="first_near_long" value="0.1617163775462169" type="31" unit="deg" desc="" />
    <attrib name="first_far_lat" value="51.06046676635742" type="31" unit="deg" desc="" />
    <attrib name="first_far_long" value="3.6877490221185782" type="31" unit="deg" desc="" />
    <attrib name="last_near_lat" value="51.81003952026367" type="31" unit="deg" desc="" />
    <attrib name="last_near_long" value="-0.20785619415736348" type="31" unit="deg" desc="" />
    <attrib name="last_far_lat" value="52.20335388183594" type="31" unit="deg" desc="" />
    <attrib name="last_far_long" value="3.4067416723978083" type="31" unit="deg" desc="" />
    <attrib name="PASS" value="ASCENDING" type="41" unit="" desc="ASCENDING or DESCENDING" />
    <attrib name="SAMPLE_TYPE" value="DETECTED" type="41" unit="" desc="DETECTED or COMPLEX" />
    <attrib name="mds1_tx_rx_polar" value="HH" type="41" unit="" desc="Polarization" />
    <attrib name="mds2_tx_rx_polar" value="HV" type="41" unit="" desc="Polarization" />
    <attrib name="mds3_tx_rx_polar" value="-" type="41" unit="" desc="Polarization" />
    <attrib name="mds4_tx_rx_polar" value="-" type="41" unit="" desc="Polarization" />
    <attrib name="polsar_data" value="0" type="20" unit="flag" desc="Polarimetric Matrix" />
    <attrib name="algorithm" value="-" type="41" unit="" desc="Processing algorithm" />
    <attrib name="azimuth_looks" value="1.0" type="31" unit="" desc="" />
    <attrib name="range_looks" value="5.0" type="31" unit="" desc="" />
    <attrib name="range_spacing" value="10.0" type="31" unit="m" desc="Range sample spacing" />
    <attrib name="azimuth_spacing" value="10.0" type="31" unit="m" desc="Azimuth sample spacing" />
    <attrib name="pulse_repetition_frequency" value="1717.128973878037" type="31" unit="Hz" desc="PRF" />
    <attrib name="radar_frequency" value="5405.000454334349" type="31" unit="MHz" desc="Radar frequency" />
    <attrib name="line_time_interval" value="0.001498679888147249" type="31" unit="s" desc="" />
    <attrib name="total_size" value="2453" type="22" unit="MB" desc="Total product size" />
    <attrib name="num_output_lines" value="12747" type="22" unit="lines" desc="Raster height" />
    <attrib name="num_samples_per_line" value="25202" type="22" unit="samples" desc="Raster width" />
    <attrib name="subset_offset_x" value="0" type="22" unit="samples" desc="X coordinate of UL corner of subset in original image" />
    <attrib name="subset_offset_y" value="0" type="22" unit="samples" desc="Y coordinate of UL corner of subset in original image" />
    <attrib name="srgr_flag" value="1" type="20" unit="flag" desc="SRGR applied" />
    <attrib name="avg_scene_height" value="38.17911860822761" type="31" unit="m" desc="Average scene height ellipsoid" />
    <attrib name="map_projection" value="-" type="41" unit="" desc="Map projection applied" />
    <attrib name="is_terrain_corrected" value="0" type="20" unit="flag" desc="orthorectification applied" />
    <attrib name="DEM" value="-" type="41" unit="" desc="Digital Elevation Model used" />
    <attrib name="geo_ref_system" value="-" type="41" unit="" desc="geographic reference system" />
    <attrib name="lat_pixel_res" value="99999.0" type="31" unit="deg" desc="pixel resolution in geocoded image" />
    <attrib name="lon_pixel_res" value="99999.0" type="31" unit="deg" desc="pixel resolution in geocoded image" />
    <attrib name="slant_range_to_first_pixel" value="802740.6364651838" type="31" unit="m" desc="Slant range to 1st data sample" />
    <attrib name="ant_elev_corr_flag" value="0" type="20" unit="flag" desc="Antenna elevation applied" />
    <attrib name="range_spread_comp_flag" value="0" type="20" unit="flag" desc="range spread compensation applied" />
    <attrib name="replica_power_corr_flag" value="0" type="20" unit="flag" desc="Replica pulse power correction applied" />
    <attrib name="abs_calibration_flag" value="0" type="20" unit="flag" desc="Product calibrated" />
    <attrib name="calibration_factor" value="99999.0" type="31" unit="dB" desc="Calibration constant" />
    <attrib name="chirp_power" value="99999.0" type="31" unit="" desc="Chirp power" />
    <attrib name="inc_angle_comp_flag" value="0" type="20" unit="flag" desc="incidence angle compensation applied" />
    <attrib name="ref_inc_angle" value="99999.0" type="31" unit="" desc="Reference incidence angle" />
    <attrib name="ref_slant_range" value="99999.0" type="31" unit="" desc="Reference slant range" />
    <attrib name="ref_slant_range_exp" value="99999.0" type="31" unit="" desc="Reference slant range exponent" />
    <attrib name="rescaling_factor" value="99999.0" type="31" unit="" desc="Rescaling factor" />
    <attrib name="range_sampling_rate" value="64.34523812571427" type="31" unit="MHz" desc="Range Sampling Rate" />
    <attrib name="range_bandwidth" value="56.5" type="31" unit="MHz" desc="Bandwidth total in range" />
    <attrib name="azimuth_bandwidth" value="327.0" type="31" unit="Hz" desc="Bandwidth total in azimuth" />
    <attrib name="multilook_flag" value="0" type="20" unit="flag" desc="Multilook applied" />
    <attrib name="coregistered_stack" value="0" type="20" unit="flag" desc="Coregistration applied" />
    <attrib name="external_calibration_file" value="-" type="41" unit="" desc="External calibration file used" />
    <attrib name="orbit_state_vector_file" value="-" type="41" unit="" desc="Orbit file used" />
    <attrib name="metadata_version" value="6.0" type="41" unit="" desc="AbsMetadata version" />
  </Abstracted_Metadata>
  <tie-point-grids>
    <latitude unit="deg" desc="">
      <row value="50.66869,50.690792,50.712635,50.734215,50.75553,50.776585,50.797375,50.817898,50.838158,50.858154,50.877884,50.897346,50.916542,50.93547,50.954136,50.97253,50.990658,51.00852,51.026108,51.043427,51.060467" />
      <row value="50.83191,50.854034,50.875896,50.8975,50.91883,50.939903,50.96071,50.981247,51.00152,51.021526,51.041264,51.060734,51.079937,51.098873,51.11754,51.135933,51.15406,51.17192,51.189507,51.20682,51.223858" />
      <row value="50.995014,51.017166,51.039055,51.060673,51.08203,51.10312,51.12394,51.144493,51.16478,51.1848,51.204548,51.22403,51.24324,51.26218,51.280853,51.29925,51.31738,51.33524,51.352825,51.370136,51.387165" />
      <row value="51.15804,51.180214,51.202126,51.22377,51.245148,51.266254,51.287098,51.307667,51.32797,51.348,51.367764,51.387253,51.406475,51.425423,51.4441,51.4625,51.480637,51.498493,51.51608,51.53339,51.550415" />
      <row value="51.32099,51.343193,51.36513,51.3868,51.4082,51.42933,51.450188,51.47078,51.491096,51.511143,51.53092,51.55042,51.56965,51.588608,51.607292,51.6257,51.643837,51.661697,51.679283,51.696594,51.713615" />
      <row value="51.483994,51.506226,51.528187,51.54988,51.5713,51.592453,51.61333,51.633938,51.65427,51.67433,51.69412,51.713634,51.732872,51.75184,51.770527,51.788944,51.807083,51.824944,51.84253,51.85984,51.876858" />
      <row value="51.64706,51.669315,51.691303,51.713017,51.73446,51.75563,51.776527,51.797153,51.8175,51.837574,51.857376,51.8769,51.89615,51.91512,51.933815,51.952236,51.970375,51.98824,52.005825,52.023132,52.040146" />
      <row value="51.81004,51.83232,51.854332,51.876072,51.897537,51.918728,51.939644,51.960285,51.980648,52.000736,52.02055,52.040085,52.05934,52.07832,52.097023,52.115444,52.13359,52.151455,52.169037,52.186344,52.203354" />
    </latitude>
    <longitude unit="deg" desc="">
      <row value="0.16171637,0.33656445,0.51158214,0.6867646,0.8621082,1.0376099,1.2132674,1.3890789,1.5650424,1.7411566,1.9174199,2.093831,2.2703881,2.44709,2.6239347,2.8009205,2.9780452,3.155307,3.3327036,3.5102322,3.687749" />
      <row value="0.11049368,0.2859425,0.4615626,0.6373492,0.8132986,0.9894077,1.1656742,1.3420961,1.5186718,1.6953995,1.872278,2.0493054,2.2264807,2.403802,2.5812674,2.7588751,2.9366233,3.1145096,3.292532,3.4706879,3.6488323" />
      <row value="0.058277167,0.23433268,0.41056123,0.58695793,0.7635191,0.94024163,1.1171231,1.2941617,1.4713554,1.6487029,1.8262024,2.0038526,2.1816518,2.3595984,2.5376909,2.715927,2.8943045,3.0728219,3.2514765,3.430266,3.6090443" />
      <row value="0.0052709435,0.18193844,0.35878074,0.535793,0.7129713,0.89031273,1.0678148,1.2454755,1.423293,1.6012657,1.7793921,1.9576706,2.1360996,2.3146775,2.4934025,2.6722727,2.851286,3.03044,3.2097328,3.3891613,3.5685802" />
      <row value="-0.04840758,0.12887736,0.30633894,0.48397222,0.6617734,0.83973926,1.0178676,1.196156,1.3746029,1.5532067,1.7319657,1.9108784,2.0899432,2.2691581,2.4485216,2.628032,2.8076866,2.9874835,3.1674201,3.3474944,3.527559" />
      <row value="-0.10178732,0.076120466,0.25420675,0.43246654,0.61089593,0.78949183,0.96825176,1.1471736,1.3262556,1.5054959,1.6848931,1.8644456,2.0441515,2.2240093,2.4040172,2.584173,2.7644749,2.9449203,3.1255069,3.306232,3.4869487" />
      <row value="-0.1548105,0.023725707,0.20244226,0.38133413,0.5603974,0.7396289,0.9190262,1.098587,1.2783096,1.4581923,1.6382334,1.8184313,1.9987842,2.1792905,2.3599484,2.5407557,2.7217104,2.9028099,3.084052,3.2654343,3.4468086" />
      <row value="-0.2078562,-0.02868689,0.15066461,0.33019328,0.5098951,0.68976694,0.8698063,1.0500109,1.2303789,1.4109086,1.5915984,1.7724465,1.9534513,2.134611,2.3159235,2.4973872,2.6789994,2.8607583,3.042661,3.2247047,3.4067416" />
    </longitude>
    <incident_angle unit="deg" desc="">
      <row value="30.526117,31.407305,32.27524,33.129913,33.971336,34.799545,35.614597,36.41657,37.20555,37.981647,38.74498,39.49568,40.233887,40.959747,41.67342,42.375072,43.064865,43.74298,44.409588,45.064877,45.7086" />
      <row value="30.528183,31.409353,32.27727,33.131927,33.97333,34.801525,35.616558,36.418507,37.20747,37.983547,38.746864,39.497543,40.23573,40.96157,41.675224,42.376858,43.06663,43.744724,44.411316,45.066586,45.71029" />
      <row value="30.525248,31.406443,32.274387,33.12907,33.970505,34.798725,35.613785,36.415764,37.204758,37.980865,38.744205,39.494915,40.23313,40.959003,41.672688,42.374348,43.06415,43.742275,44.408897,45.064194,45.707928" />
      <row value="30.518717,31.399967,32.267967,33.122707,33.9642,34.79248,35.6076,36.40964,37.198696,37.974865,38.738274,39.489044,40.227325,40.953262,41.66701,42.368732,43.0586,43.73679,44.403473,45.058834,45.70263" />
      <row value="30.509417,31.390741,32.258823,33.113644,33.95522,34.78358,35.59879,36.400917,37.19006,37.966316,38.729813,39.480675,40.219048,40.945072,41.658913,42.360725,43.050686,43.728962,44.395737,45.051186,45.695072" />
      <row value="30.503704,31.385078,32.25321,33.108078,33.949703,34.77812,35.593376,36.39556,37.184753,37.961067,38.72462,39.475536,40.213963,40.940044,41.65394,42.355812,43.045826,43.72416,44.390987,45.046494,45.690434" />
      <row value="30.501957,31.383345,32.251488,33.106377,33.948017,34.776447,35.591724,36.39392,37.183136,37.959465,38.723034,39.47397,40.21241,40.93851,41.652424,42.35431,43.044342,43.722694,44.38954,45.045063,45.689022" />
      <row value="30.501278,31.382671,32.250824,33.105717,33.947365,34.775803,35.591084,36.39329,37.18251,37.958847,38.722424,39.473366,40.21182,40.937923,41.651844,42.353737,43.043777,43.722137,44.38899,45.04452,45.688484" />
    </incident_angle>
    <elevation_angle unit="deg" desc="">
      <row value="27.219313,27.98708,28.741594,29.482843,30.21084,30.925623,31.627249,32.315796,32.991352,33.654026,34.303932,34.941208,35.56599,36.17843,36.778675,37.3669,37.943268,38.507954,39.06114,39.603,40.13339" />
      <row value="27.221165,27.988914,28.743412,29.484642,30.212622,30.927385,31.628994,32.31752,32.993057,33.655712,34.3056,34.942856,35.56762,36.180035,36.780266,37.36847,37.944817,38.509483,39.06265,39.604492,40.13486" />
      <row value="27.218504,27.98628,28.740803,29.48206,30.210066,30.924856,31.626492,32.31505,32.990612,33.653294,34.30321,34.940495,35.56529,36.177734,36.77799,37.366222,37.9426,38.507298,39.06049,39.60236,40.13276" />
      <row value="27.212603,27.98043,28.735008,29.476322,30.204384,30.919235,31.62093,32.309544,32.98517,33.647915,34.297894,34.93524,35.560093,36.172604,36.772923,37.361217,37.93766,38.50242,39.05567,39.597607,40.128063" />
      <row value="27.2042,27.972105,28.726759,29.468153,30.196297,30.91123,31.613008,32.30171,32.97742,33.64025,34.29032,34.927757,35.552696,36.165295,36.765705,37.354088,37.93062,38.495464,39.04881,39.59083,40.121376" />
      <row value="27.19904,27.96699,28.721691,29.46313,30.191326,30.90631,31.60814,32.296894,32.972656,33.635544,34.285664,34.923153,35.54815,36.1608,36.76127,37.349705,37.92629,38.49119,39.04459,39.586666,40.117268" />
      <row value="27.19745,27.965416,28.72013,29.461588,30.189796,30.904797,31.606642,32.29541,32.97119,33.634094,34.284233,34.921738,35.546753,36.15942,36.759903,37.34836,37.924957,38.48988,39.043293,39.585384,40.116" />
      <row value="27.196827,27.964798,28.719519,29.460981,30.189198,30.904203,31.606056,32.29483,32.97062,33.633526,34.283672,34.921185,35.546204,36.158882,36.75937,37.34783,37.924442,38.489365,39.04279,39.58489,40.11551" />
    </elevation_angle>
    <slant_range_time unit="ns" desc="">
      <row value="5355309.0,5398609.5,5443005.5,5488470.0,5534976.0,5582496.5,5631006.0,5680478.5,5730889.0,5782213.0,5834426.0,5887504.5,5941425.0,5996164.5,6051701.0,6108012.0,6165076.5,6222873.5,6281382.0,6340582.5,6400402.0" />
      <row value="5355309.0,5398612.0,5443010.5,5488477.5,5534986.0,5582509.0,5631020.5,5680495.5,5730908.0,5782234.5,5834449.5,5887530.0,5941452.5,5996194.0,6051732.5,6108045.5,6165112.0,6222910.5,6281421.0,6340623.0,6400444.5" />
      <row value="5355309.0,5398608.5,5443003.5,5488467.0,5534972.0,5582491.5,5631000.0,5680471.5,5730881.0,5782204.0,5834416.5,5887494.0,5941413.5,5996152.0,6051687.5,6107998.0,6165061.5,6222858.0,6281365.5,6340565.0,6400384.0" />
      <row value="5355309.0,5398600.5,5442987.5,5488443.0,5534940.0,5582452.0,5630953.0,5680417.5,5730820.0,5782136.0,5834341.0,5887412.0,5941325.0,5996057.0,6051586.5,6107890.5,6164948.0,6222738.5,6281240.5,6340434.5,6400248.0" />
      <row value="5355309.0,5398588.5,5442964.0,5488408.5,5534894.5,5582395.5,5630886.0,5680340.0,5730732.0,5782038.0,5834233.5,5887295.0,5941198.5,5995921.5,6051441.5,6107737.0,6164786.0,6222568.0,6281061.5,6340247.5,6400053.0" />
      <row value="5355309.0,5398581.5,5442950.0,5488387.5,5534866.5,5582361.0,5630845.0,5680292.5,5730678.5,5781978.0,5834167.5,5887223.0,5941120.5,5995838.0,6051352.5,6107642.5,6164686.5,6222463.0,6280951.5,6340132.5,6399933.0" />
      <row value="5355309.0,5398579.0,5442945.5,5488381.0,5534858.0,5582350.5,5630832.0,5680277.5,5730661.5,5781959.5,5834147.0,5887200.5,5941096.5,5995812.0,6051325.0,6107613.5,6164655.5,6222430.5,6280917.5,6340096.5,6399896.0" />
      <row value="5355309.0,5398578.5,5442944.0,5488378.5,5534854.5,5582346.5,5630827.5,5680272.0,5730655.5,5781952.5,5834139.5,5887192.0,5941087.5,5995802.5,6051314.5,6107602.0,6164643.5,6222418.0,6280904.5,6340083.0,6399882.0" />
    </slant_range_time>
  </tie-point-grids>
</Metadata>
