<?xml version="1.0" encoding="UTF-8"?>
<Metadata>
  <Abstracted_Metadata>
    <Orbit_State_Vectors>
      <orbit_vector1>
        <attrib name="time" value="17-FEB-2015 20:42:55.272000" type="51" />
        <attrib name="x_pos" value="-4747515.533166806" type="31" />
        <attrib name="y_pos" value="3297153.084268853" type="31" />
        <attrib name="z_pos" value="4072524.778518538" type="31" />
        <attrib name="x_vel" value="-2519.266924834955" type="31" />
        <attrib name="y_vel" value="3854.372456300939" type="31" />
        <attrib name="z_vel" value="-6039.480054920637" type="31" />
      </orbit_vector1>
      <orbit_vector2>
        <attrib name="time" value="17-FEB-2015 20:42:56.272000" type="51" />
        <attrib name="x_pos" value="-4750031.856919399" type="31" />
        <attrib name="y_pos" value="3301005.790210034" type="31" />
        <attrib name="z_pos" value="4066483.000301278" type="31" />
        <attrib name="x_vel" value="-2513.380819275427" type="31" />
        <attrib name="y_vel" value="3851.039587360288" type="31" />
        <attrib name="z_vel" value="-6044.076801441794" type="31" />
      </orbit_vector2>
      <orbit_vector3>
        <attrib name="time" value="17-FEB-2015 20:42:57.272000" type="51" />
        <attrib name="x_pos" value="-4752542.292859888" type="31" />
        <attrib name="y_pos" value="3304855.161448979" type="31" />
        <attrib name="z_pos" value="4060436.628754375" type="31" />
        <attrib name="x_vel" value="-2507.491316140509" type="31" />
        <attrib name="y_vel" value="3847.702841281326" type="31" />
        <attrib name="z_vel" value="-6048.666563124349" type="31" />
      </orbit_vector3>
      <orbit_vector4>
        <attrib name="time" value="17-FEB-2015 20:42:58.272000" type="51" />
        <attrib name="x_pos" value="-4755046.838634579" type="31" />
        <attrib name="y_pos" value="3308701.192717437" type="31" />
        <attrib name="z_pos" value="4054385.670781994" type="31" />
        <attrib name="x_vel" value="-2501.600030399815" type="31" />
        <attrib name="y_vel" value="3844.360299856319" type="31" />
        <attrib name="z_vel" value="-6053.249648546532" type="31" />
      </orbit_vector4>
      <orbit_vector5>
        <attrib name="time" value="17-FEB-2015 20:42:59.272000" type="51" />
        <attrib name="x_pos" value="-4757545.492027922" type="31" />
        <attrib name="y_pos" value="3312543.878788774" type="31" />
        <attrib name="z_pos" value="4048330.133112301" type="31" />
        <attrib name="x_vel" value="-2495.706911283514" type="31" />
        <attrib name="y_vel" value="3841.011874210926" type="31" />
        <attrib name="z_vel" value="-6057.825910425037" type="31" />
      </orbit_vector5>
      <orbit_vector6>
        <attrib name="time" value="17-FEB-2015 20:43:00.272000" type="51" />
        <attrib name="x_pos" value="-4760038.250601445" type="31" />
        <attrib name="y_pos" value="3316383.214655777" type="31" />
        <attrib name="z_pos" value="4042270.022570827" type="31" />
        <attrib name="x_vel" value="-2489.810981275782" type="31" />
        <attrib name="y_vel" value="3837.658987280229" type="31" />
        <attrib name="z_vel" value="-6062.395347136742" type="31" />
      </orbit_vector6>
      <orbit_vector7>
        <attrib name="time" value="17-FEB-2015 20:43:01.272000" type="51" />
        <attrib name="x_pos" value="-4762525.112116649" type="31" />
        <attrib name="y_pos" value="3320219.195041189" type="31" />
        <attrib name="z_pos" value="4036205.34598576" type="31" />
        <attrib name="x_vel" value="-2483.912247449515" type="31" />
        <attrib name="y_vel" value="3834.301645542284" type="31" />
        <attrib name="z_vel" value="-6066.957956562363" type="31" />
      </orbit_vector7>
      <orbit_vector8>
        <attrib name="time" value="17-FEB-2015 20:43:02.272000" type="51" />
        <attrib name="x_pos" value="-4765006.074231178" type="31" />
        <attrib name="y_pos" value="3324051.814833584" type="31" />
        <attrib name="z_pos" value="4030136.11018837" type="31" />
        <attrib name="x_vel" value="-2478.011706826317" type="31" />
        <attrib name="y_vel" value="3830.938435466178" type="31" />
        <attrib name="z_vel" value="-6071.513735954654" type="31" />
      </orbit_vector8>
      <orbit_vector9>
        <attrib name="time" value="17-FEB-2015 20:43:03.272000" type="51" />
        <attrib name="x_pos" value="-4767481.134723214" type="31" />
        <attrib name="y_pos" value="3327881.068764778" type="31" />
        <attrib name="z_pos" value="4024062.322013493" type="31" />
        <attrib name="x_vel" value="-2472.109369372449" type="31" />
        <attrib name="y_vel" value="3827.569360472166" type="31" />
        <attrib name="z_vel" value="-6076.062681965395" type="31" />
      </orbit_vector9>
      <orbit_vector10>
        <attrib name="time" value="17-FEB-2015 20:43:04.272000" type="51" />
        <attrib name="x_pos" value="-4769950.291186433" type="31" />
        <attrib name="y_pos" value="3331706.951846415" type="31" />
        <attrib name="z_pos" value="4017983.988300074" type="31" />
        <attrib name="x_vel" value="-2466.204251844815" type="31" />
        <attrib name="y_vel" value="3824.195844899558" type="31" />
        <attrib name="z_vel" value="-6080.604790481743" type="31" />
      </orbit_vector10>
      <orbit_vector11>
        <attrib name="time" value="17-FEB-2015 20:43:05.272000" type="51" />
        <attrib name="x_pos" value="-4772413.541414539" type="31" />
        <attrib name="y_pos" value="3335529.45881823" type="31" />
        <attrib name="z_pos" value="4011901.115891704" type="31" />
        <attrib name="x_vel" value="-2460.29636028425" type="31" />
        <attrib name="y_vel" value="3820.817893498289" type="31" />
        <attrib name="z_vel" value="-6085.140056676296" type="31" />
      </orbit_vector11>
      <orbit_vector12>
        <attrib name="time" value="17-FEB-2015 20:43:06.272000" type="51" />
        <attrib name="x_pos" value="-4774870.883095942" type="31" />
        <attrib name="y_pos" value="3339348.584584768" type="31" />
        <attrib name="z_pos" value="4005813.711637181" type="31" />
        <attrib name="x_vel" value="-2454.38669499218" type="31" />
        <attrib name="y_vel" value="3817.434087940676" type="31" />
        <attrib name="z_vel" value="-6089.668475040268" type="31" />
      </orbit_vector12>
      <orbit_vector13>
        <attrib name="time" value="17-FEB-2015 20:43:07.272000" type="51" />
        <attrib name="x_pos" value="-4777322.314045224" type="31" />
        <attrib name="y_pos" value="3343164.323901317" type="31" />
        <attrib name="z_pos" value="3999721.782376648" type="31" />
        <attrib name="x_vel" value="-2448.475309977006" type="31" />
        <attrib name="y_vel" value="3814.044498849027" type="31" />
        <attrib name="z_vel" value="-6094.190147153206" type="31" />
      </orbit_vector13>
      <orbit_vector14>
        <attrib name="time" value="17-FEB-2015 20:43:08.272000" type="51" />
        <attrib name="x_pos" value="-4779767.831906559" type="31" />
        <attrib name="y_pos" value="3346976.671826374" type="31" />
        <attrib name="z_pos" value="3993625.334918664" type="31" />
        <attrib name="x_vel" value="-2442.561123503475" type="31" />
        <attrib name="y_vel" value="3810.650410109482" type="31" />
        <attrib name="z_vel" value="-6098.704844768062" type="31" />
      </orbit_vector14>
      <orbit_vector15>
        <attrib name="time" value="17-FEB-2015 20:43:09.272000" type="51" />
        <attrib name="x_pos" value="-4782207.434662273" type="31" />
        <attrib name="y_pos" value="3350785.623362523" type="31" />
        <attrib name="z_pos" value="3987524.375726024" type="31" />
        <attrib name="x_vel" value="-2436.644183825265" type="31" />
        <attrib name="y_vel" value="3807.251891509545" type="31" />
        <attrib name="z_vel" value="-6103.212665469676" type="31" />
      </orbit_vector15>
      <orbit_vector16>
        <attrib name="time" value="17-FEB-2015 20:43:10.272000" type="51" />
        <attrib name="x_pos" value="-4784641.119641919" type="31" />
        <attrib name="y_pos" value="3354591.172822249" type="31" />
        <attrib name="z_pos" value="3981418.912638613" type="31" />
        <attrib name="x_vel" value="-2430.72549619243" type="31" />
        <attrib name="y_vel" value="3803.847521427684" type="31" />
        <attrib name="z_vel" value="-6107.713601714901" type="31" />
      </orbit_vector16>
      <orbit_vector17>
        <attrib name="time" value="17-FEB-2015 20:43:11.272000" type="51" />
        <attrib name="x_pos" value="-4787068.884870731" type="31" />
        <attrib name="y_pos" value="3358393.315256839" type="31" />
        <attrib name="z_pos" value="3975308.952064735" type="31" />
        <attrib name="x_vel" value="-2424.805068665638" type="31" />
        <attrib name="y_vel" value="3800.437300909395" type="31" />
        <attrib name="z_vel" value="-6112.207646980383" type="31" />
      </orbit_vector17>
      <orbit_vector18>
        <attrib name="time" value="17-FEB-2015 20:43:12.272000" type="51" />
        <attrib name="x_pos" value="-4789490.727994792" type="31" />
        <attrib name="y_pos" value="3362192.04569768" type="31" />
        <attrib name="z_pos" value="3969194.500898207" type="31" />
        <attrib name="x_vel" value="-2418.881907869372" type="31" />
        <attrib name="y_vel" value="3797.022658544896" type="31" />
        <attrib name="z_vel" value="-6116.694794799027" type="31" />
      </orbit_vector18>
      <orbit_vector19>
        <attrib name="time" value="17-FEB-2015 20:43:13.272000" type="51" />
        <attrib name="x_pos" value="-4791906.646861346" type="31" />
        <attrib name="y_pos" value="3365987.358902215" type="31" />
        <attrib name="z_pos" value="3963075.56603895" type="31" />
        <attrib name="x_vel" value="-2412.956019152622" type="31" />
        <attrib name="y_vel" value="3793.603598149336" type="31" />
        <attrib name="z_vel" value="-6121.175038873856" type="31" />
      </orbit_vector19>
      <orbit_vector20>
        <attrib name="time" value="17-FEB-2015 20:43:14.272000" type="51" />
        <attrib name="x_pos" value="-4794316.639211033" type="31" />
        <attrib name="y_pos" value="3369779.249792958" type="31" />
        <attrib name="z_pos" value="3956952.154392738" type="31" />
        <attrib name="x_vel" value="-2407.028411792069" type="31" />
        <attrib name="y_vel" value="3790.178695360724" type="31" />
        <attrib name="z_vel" value="-6125.648373301045" type="31" />
      </orbit_vector20>
      <orbit_vector21>
        <attrib name="time" value="17-FEB-2015 20:43:15.272000" type="51" />
        <attrib name="x_pos" value="-4796720.702905694" type="31" />
        <attrib name="y_pos" value="3373567.713133382" type="31" />
        <attrib name="z_pos" value="3950824.272870931" type="31" />
        <attrib name="x_vel" value="-2401.099094795748" type="31" />
        <attrib name="y_vel" value="3786.747952255884" type="31" />
        <attrib name="z_vel" value="-6130.114792507764" type="31" />
      </orbit_vector21>
      <orbit_vector22>
        <attrib name="time" value="17-FEB-2015 20:43:16.272000" type="51" />
        <attrib name="x_pos" value="-4799118.835619489" type="31" />
        <attrib name="y_pos" value="3377352.743967704" type="31" />
        <attrib name="z_pos" value="3944691.928390218" type="31" />
        <attrib name="x_vel" value="-2395.167070808572" type="31" />
        <attrib name="y_vel" value="3783.31280114388" type="31" />
        <attrib name="z_vel" value="-6134.57429125568" type="31" />
      </orbit_vector22>
      <orbit_vector23>
        <attrib name="time" value="17-FEB-2015 20:43:17.272000" type="51" />
        <attrib name="x_pos" value="-4801511.035225499" type="31" />
        <attrib name="y_pos" value="3381134.337060815" type="31" />
        <attrib name="z_pos" value="3938555.127881114" type="31" />
        <attrib name="x_vel" value="-2389.23231925348" type="31" />
        <attrib name="y_vel" value="3779.873205633738" type="31" />
        <attrib name="z_vel" value="-6139.026799044376" type="31" />
      </orbit_vector23>
      <orbit_vector24>
        <attrib name="time" value="17-FEB-2015 20:43:18.272000" type="51" />
        <attrib name="x_pos" value="-4803897.29948084" type="31" />
        <attrib name="y_pos" value="3384912.487329255" type="31" />
        <attrib name="z_pos" value="3932413.878301947" type="31" />
        <attrib name="x_vel" value="-2383.295908852243" type="31" />
        <attrib name="y_vel" value="3776.427823692699" type="31" />
        <attrib name="z_vel" value="-6143.472445993849" type="31" />
      </orbit_vector24>
      <orbit_vector25>
        <attrib name="time" value="17-FEB-2015 20:43:19.272000" type="51" />
        <attrib name="x_pos" value="-4806277.626295976" type="31" />
        <attrib name="y_pos" value="3388687.189579318" type="31" />
        <attrib name="z_pos" value="3926268.186538276" type="31" />
        <attrib name="x_vel" value="-2377.357823413168" type="31" />
        <attrib name="y_vel" value="3772.976618386467" type="31" />
        <attrib name="z_vel" value="-6147.911164134157" type="31" />
      </orbit_vector25>
      <orbit_vector26>
        <attrib name="time" value="17-FEB-2015 20:43:20.272000" type="51" />
        <attrib name="x_pos" value="-4808652.013376424" type="31" />
        <attrib name="y_pos" value="3392458.438873154" type="31" />
        <attrib name="z_pos" value="3920118.059521633" type="31" />
        <attrib name="x_vel" value="-2371.417061414943" type="31" />
        <attrib name="y_vel" value="3769.521025305037" type="31" />
        <attrib name="z_vel" value="-6152.342948858464" type="31" />
      </orbit_vector26>
      <orbit_vector27>
        <attrib name="time" value="17-FEB-2015 20:43:21.272000" type="51" />
        <attrib name="x_pos" value="-4811020.458631176" type="31" />
        <attrib name="y_pos" value="3396226.229998731" type="31" />
        <attrib name="z_pos" value="3913963.504188299" type="31" />
        <attrib name="x_vel" value="-2365.473628796985" type="31" />
        <attrib name="y_vel" value="3766.061049233867" type="31" />
        <attrib name="z_vel" value="-6156.767795484434" type="31" />
      </orbit_vector27>
      <orbit_vector28>
        <attrib name="time" value="17-FEB-2015 20:43:22.272000" type="51" />
        <attrib name="x_pos" value="-4813382.959862024" type="31" />
        <attrib name="y_pos" value="3399990.557910418" type="31" />
        <attrib name="z_pos" value="3907804.527479405" type="31" />
        <attrib name="x_vel" value="-2359.528544366865" type="31" />
        <attrib name="y_vel" value="3762.595260876961" type="31" />
        <attrib name="z_vel" value="-6161.185699133248" type="31" />
      </orbit_vector28>
      <orbit_vector29>
        <attrib name="time" value="17-FEB-2015 20:43:23.272000" type="51" />
        <attrib name="x_pos" value="-4815739.514993272" type="31" />
        <attrib name="y_pos" value="3403751.417403337" type="31" />
        <attrib name="z_pos" value="3901641.136341034" type="31" />
        <attrib name="x_vel" value="-2353.581817377761" type="31" />
        <attrib name="y_vel" value="3759.123662699864" type="31" />
        <attrib name="z_vel" value="-6165.596654815277" type="31" />
      </orbit_vector29>
      <orbit_vector30>
        <attrib name="time" value="17-FEB-2015 20:43:24.272000" type="51" />
        <attrib name="x_pos" value="-4818090.121759916" type="31" />
        <attrib name="y_pos" value="3407508.803554656" type="31" />
        <attrib name="z_pos" value="3895473.337724353" type="31" />
        <attrib name="x_vel" value="-2347.632441538236" type="31" />
        <attrib name="y_vel" value="3755.647692816385" type="31" />
        <attrib name="z_vel" value="-6170.000657387511" type="31" />
      </orbit_vector30>
      <orbit_vector31>
        <attrib name="time" value="17-FEB-2015 20:43:25.272000" type="51" />
        <attrib name="x_pos" value="-4820434.778101123" type="31" />
        <attrib name="y_pos" value="3411262.711166564" type="31" />
        <attrib name="z_pos" value="3889301.138585717" type="31" />
        <attrib name="x_vel" value="-2341.680422628914" type="31" />
        <attrib name="y_vel" value="3752.167355688232" type="31" />
        <attrib name="z_vel" value="-6174.397701519375" type="31" />
      </orbit_vector31>
    </Orbit_State_Vectors>
    <SRGR_Coefficients />
    <Doppler_Centroid_Coefficients>
      <dop_coef_list.1>
        <coefficient.1>
          <attrib name="dop_coef" value="-1.152587" type="31" unit="" desc="Doppler Centroid Coefficient" />
        </coefficient.1>
        <coefficient.2>
          <attrib name="dop_coef" value="1742.148" type="31" unit="" desc="Doppler Centroid Coefficient" />
        </coefficient.2>
        <coefficient.3>
          <attrib name="dop_coef" value="-423529.5" type="31" unit="" desc="Doppler Centroid Coefficient" />
        </coefficient.3>
        <attrib name="zero_doppler_time" value="17-FEB-2015 20:43:00.507593" type="51" />
        <attrib name="slant_range_time" value="5340441.810606561" type="31" unit="ns" desc="Slant Range Time" />
      </dop_coef_list.1>
      <dop_coef_list.2>
        <coefficient.1>
          <attrib name="dop_coef" value="-0.9712429" type="31" unit="" desc="Doppler Centroid Coefficient" />
        </coefficient.1>
        <coefficient.2>
          <attrib name="dop_coef" value="1763.676" type="31" unit="" desc="Doppler Centroid Coefficient" />
        </coefficient.2>
        <coefficient.3>
          <attrib name="dop_coef" value="-431786.1" type="31" unit="" desc="Doppler Centroid Coefficient" />
        </coefficient.3>
        <attrib name="zero_doppler_time" value="17-FEB-2015 20:43:03.265870" type="51" />
        <attrib name="slant_range_time" value="5340441.810606561" type="31" unit="ns" desc="Slant Range Time" />
      </dop_coef_list.2>
      <dop_coef_list.3>
        <coefficient.1>
          <attrib name="dop_coef" value="-0.3200163" type="31" unit="" desc="Doppler Centroid Coefficient" />
        </coefficient.1>
        <coefficient.2>
          <attrib name="dop_coef" value="1823.806" type="31" unit="" desc="Doppler Centroid Coefficient" />
        </coefficient.2>
        <coefficient.3>
          <attrib name="dop_coef" value="-457471.1" type="31" unit="" desc="Doppler Centroid Coefficient" />
        </coefficient.3>
        <attrib name="zero_doppler_time" value="17-FEB-2015 20:43:06.024147" type="51" />
        <attrib name="slant_range_time" value="5340441.810606561" type="31" unit="ns" desc="Slant Range Time" />
      </dop_coef_list.3>
      <dop_coef_list.4>
        <coefficient.1>
          <attrib name="dop_coef" value="-1.220419" type="31" unit="" desc="Doppler Centroid Coefficient" />
        </coefficient.1>
        <coefficient.2>
          <attrib name="dop_coef" value="1792.02" type="31" unit="" desc="Doppler Centroid Coefficient" />
        </coefficient.2>
        <coefficient.3>
          <attrib name="dop_coef" value="-434964.5" type="31" unit="" desc="Doppler Centroid Coefficient" />
        </coefficient.3>
        <attrib name="zero_doppler_time" value="17-FEB-2015 20:43:08.782424" type="51" />
        <attrib name="slant_range_time" value="5340441.810606561" type="31" unit="ns" desc="Slant Range Time" />
      </dop_coef_list.4>
      <dop_coef_list.5>
        <coefficient.1>
          <attrib name="dop_coef" value="-1.011077" type="31" unit="" desc="Doppler Centroid Coefficient" />
        </coefficient.1>
        <coefficient.2>
          <attrib name="dop_coef" value="1627.377" type="31" unit="" desc="Doppler Centroid Coefficient" />
        </coefficient.2>
        <coefficient.3>
          <attrib name="dop_coef" value="-396546.3" type="31" unit="" desc="Doppler Centroid Coefficient" />
        </coefficient.3>
        <attrib name="zero_doppler_time" value="17-FEB-2015 20:43:11.540700" type="51" />
        <attrib name="slant_range_time" value="5340441.810606561" type="31" unit="ns" desc="Slant Range Time" />
      </dop_coef_list.5>
      <dop_coef_list.6>
        <coefficient.1>
          <attrib name="dop_coef" value="0.0384157" type="31" unit="" desc="Doppler Centroid Coefficient" />
        </coefficient.1>
        <coefficient.2>
          <attrib name="dop_coef" value="1634.832" type="31" unit="" desc="Doppler Centroid Coefficient" />
        </coefficient.2>
        <coefficient.3>
          <attrib name="dop_coef" value="-415144.0" type="31" unit="" desc="Doppler Centroid Coefficient" />
        </coefficient.3>
        <attrib name="zero_doppler_time" value="17-FEB-2015 20:43:14.298977" type="51" />
        <attrib name="slant_range_time" value="5340441.810606561" type="31" unit="ns" desc="Slant Range Time" />
      </dop_coef_list.6>
      <dop_coef_list.7>
        <coefficient.1>
          <attrib name="dop_coef" value="-0.1430392" type="31" unit="" desc="Doppler Centroid Coefficient" />
        </coefficient.1>
        <coefficient.2>
          <attrib name="dop_coef" value="1562.529" type="31" unit="" desc="Doppler Centroid Coefficient" />
        </coefficient.2>
        <coefficient.3>
          <attrib name="dop_coef" value="-393870.2" type="31" unit="" desc="Doppler Centroid Coefficient" />
        </coefficient.3>
        <attrib name="zero_doppler_time" value="17-FEB-2015 20:43:17.057254" type="51" />
        <attrib name="slant_range_time" value="5340441.810606561" type="31" unit="ns" desc="Slant Range Time" />
      </dop_coef_list.7>
      <dop_coef_list.8>
        <coefficient.1>
          <attrib name="dop_coef" value="0.631844" type="31" unit="" desc="Doppler Centroid Coefficient" />
        </coefficient.1>
        <coefficient.2>
          <attrib name="dop_coef" value="1622.553" type="31" unit="" desc="Doppler Centroid Coefficient" />
        </coefficient.2>
        <coefficient.3>
          <attrib name="dop_coef" value="-421482.1" type="31" unit="" desc="Doppler Centroid Coefficient" />
        </coefficient.3>
        <attrib name="zero_doppler_time" value="17-FEB-2015 20:43:19.815531" type="51" />
        <attrib name="slant_range_time" value="5340441.810606561" type="31" unit="ns" desc="Slant Range Time" />
      </dop_coef_list.8>
      <dop_coef_list.9>
        <coefficient.1>
          <attrib name="dop_coef" value="0.5297562" type="31" unit="" desc="Doppler Centroid Coefficient" />
        </coefficient.1>
        <coefficient.2>
          <attrib name="dop_coef" value="1679.289" type="31" unit="" desc="Doppler Centroid Coefficient" />
        </coefficient.2>
        <coefficient.3>
          <attrib name="dop_coef" value="-434370.7" type="31" unit="" desc="Doppler Centroid Coefficient" />
        </coefficient.3>
        <attrib name="zero_doppler_time" value="17-FEB-2015 20:43:22.573808" type="51" />
        <attrib name="slant_range_time" value="5339269.562688523" type="31" unit="ns" desc="Slant Range Time" />
      </dop_coef_list.9>
    </Doppler_Centroid_Coefficients>
    <Band_IW1_VV>
      <attrib name="swath" value="IW1" type="41" unit="" desc="Swath name" />
      <attrib name="polarization" value="VV" type="41" unit="" desc="Polarization" />
      <attrib name="annotation" value="s1a-iw1-slc-vv-20150217t204259-20150217t204324-004668-005c34-001.xml" type="41" unit="" desc="metadata file" />
      <attrib name="band_names" value="i_IW1_VV q_IW1_VV" type="41" unit="" desc="corresponding bands" />
      <attrib name="first_line_time" value="17-FEB-2015 20:42:59.134855" type="51" unit="utc" desc="First zero doppler azimuth time" />
      <attrib name="last_line_time" value="17-FEB-2015 20:43:24.551808" type="51" unit="utc" desc="Last zero doppler azimuth time" />
      <attrib name="line_time_interval" value="0.00205555628053844" type="31" unit="s" desc="Time per line" />
      <attrib name="num_output_lines" value="14679" type="22" unit="lines" desc="Raster height" />
      <attrib name="num_samples_per_line" value="21221" type="22" unit="samples" desc="Raster width" />
      <attrib name="sample_type" value="COMPLEX" type="41" unit="" desc="DETECTED or COMPLEX" />
      <attrib name="calibration_factor" value="99999.0" type="31" unit="" desc="Calibration constant" />
    </Band_IW1_VV>
    <Band_IW2_VV>
      <attrib name="swath" value="IW2" type="41" unit="" desc="Swath name" />
      <attrib name="polarization" value="VV" type="41" unit="" desc="Polarization" />
      <attrib name="annotation" value="s1a-iw2-slc-vv-20150217t204257-20150217t204322-004668-005c34-002.xml" type="41" unit="" desc="metadata file" />
      <attrib name="band_names" value="i_IW2_VV q_IW2_VV" type="41" unit="" desc="corresponding bands" />
      <attrib name="first_line_time" value="17-FEB-2015 20:42:57.272521" type="51" unit="utc" desc="First zero doppler azimuth time" />
      <attrib name="last_line_time" value="17-FEB-2015 20:43:22.800474" type="51" unit="utc" desc="Last zero doppler azimuth time" />
      <attrib name="line_time_interval" value="0.00205555628053844" type="31" unit="s" desc="Time per line" />
      <attrib name="num_output_lines" value="15183" type="22" unit="lines" desc="Raster height" />
      <attrib name="num_samples_per_line" value="25137" type="22" unit="samples" desc="Raster width" />
      <attrib name="sample_type" value="COMPLEX" type="41" unit="" desc="DETECTED or COMPLEX" />
      <attrib name="calibration_factor" value="99999.0" type="31" unit="" desc="Calibration constant" />
    </Band_IW2_VV>
    <Band_IW3_VV>
      <attrib name="swath" value="IW3" type="41" unit="" desc="Swath name" />
      <attrib name="polarization" value="VV" type="41" unit="" desc="Polarization" />
      <attrib name="annotation" value="s1a-iw3-slc-vv-20150217t204258-20150217t204323-004668-005c34-003.xml" type="41" unit="" desc="metadata file" />
      <attrib name="band_names" value="i_IW3_VV q_IW3_VV" type="41" unit="" desc="corresponding bands" />
      <attrib name="first_line_time" value="17-FEB-2015 20:42:58.211910" type="51" unit="utc" desc="First zero doppler azimuth time" />
      <attrib name="last_line_time" value="17-FEB-2015 20:43:23.785086" type="51" unit="utc" desc="Last zero doppler azimuth time" />
      <attrib name="line_time_interval" value="0.00205555628053844" type="31" unit="s" desc="Time per line" />
      <attrib name="num_output_lines" value="15363" type="22" unit="lines" desc="Raster height" />
      <attrib name="num_samples_per_line" value="24300" type="22" unit="samples" desc="Raster width" />
      <attrib name="sample_type" value="COMPLEX" type="41" unit="" desc="DETECTED or COMPLEX" />
      <attrib name="calibration_factor" value="99999.0" type="31" unit="" desc="Calibration constant" />
    </Band_IW3_VV>
    <attrib name="PRODUCT" value="S1A_IW_SLC__1SSV_20150217T204257_20150217T204324_004668_005C34_2DC9" type="41" unit="" desc="Product name" />
    <attrib name="PRODUCT_TYPE" value="SLC" type="41" unit="" desc="Product type" />
    <attrib name="SPH_DESCRIPTOR" value="Sentinel-1 IW Level-1 SLC Product" type="41" unit="" desc="Description" />
    <attrib name="MISSION" value="SENTINEL-1A" type="41" unit="" desc="Satellite mission" />
    <attrib name="ACQUISITION_MODE" value="IW" type="41" unit="" desc="Acquisition mode" />
    <attrib name="antenna_pointing" value="right" type="41" unit="" desc="Right or left facing" />
    <attrib name="BEAMS" value="-" type="41" unit="" desc="Beams used" />
    <attrib name="SWATH" value="-" type="41" unit="" desc="Swath name" />
    <attrib name="PROC_TIME" value="18-FEB-2015 01:49:15.608370" type="51" unit="utc" desc="Processed time" />
    <attrib name="Processing_system_identifier" value="Airbus DS Sentinel-1 IPF 002.36" type="41" unit="" desc="Processing system identifier" />
    <attrib name="orbit_cycle" value="41" type="12" unit="" desc="Cycle" />
    <attrib name="REL_ORBIT" value="46" type="12" unit="" desc="Track" />
    <attrib name="ABS_ORBIT" value="4668" type="12" unit="" desc="Orbit" />
    <attrib name="STATE_VECTOR_TIME" value="17-FEB-2015 20:42:55.272000" type="51" unit="utc" desc="Time of orbit state vector" />
    <attrib name="VECTOR_SOURCE" value="-" type="41" unit="" desc="State vector source" />
    <attrib name="incidence_near" value="99999.0" type="31" unit="deg" desc="" />
    <attrib name="incidence_far" value="99999.0" type="31" unit="deg" desc="" />
    <attrib name="slice_num" value="7" type="12" unit="" desc="Slice number" />
    <attrib name="data_take_id" value="23604" type="12" unit="" desc="Data take identifier" />
    <attrib name="first_line_time" value="17-FEB-2015 20:42:57.272521" type="51" unit="utc" desc="First zero doppler azimuth time" />
    <attrib name="last_line_time" value="17-FEB-2015 20:43:24.551808" type="51" unit="utc" desc="Last zero doppler azimuth time" />
    <attrib name="first_near_lat" value="35.79815038080353" type="31" unit="deg" desc="" />
    <attrib name="first_near_long" value="141.18408798748297" type="31" unit="deg" desc="" />
    <attrib name="first_far_lat" value="36.25205188978887" type="31" unit="deg" desc="" />
    <attrib name="first_far_long" value="138.42251835318598" type="31" unit="deg" desc="" />
    <attrib name="last_near_lat" value="34.26843503757482" type="31" unit="deg" desc="" />
    <attrib name="last_near_long" value="140.82309531548063" type="31" unit="deg" desc="" />
    <attrib name="last_far_lat" value="34.75973255167652" type="31" unit="deg" desc="" />
    <attrib name="last_far_long" value="138.12218442983598" type="31" unit="deg" desc="" />
    <attrib name="PASS" value="DESCENDING" type="41" unit="" desc="ASCENDING or DESCENDING" />
    <attrib name="SAMPLE_TYPE" value="COMPLEX" type="41" unit="" desc="DETECTED or COMPLEX" />
    <attrib name="mds1_tx_rx_polar" value="VV" type="41" unit="" desc="Polarization" />
    <attrib name="mds2_tx_rx_polar" value="VV" type="41" unit="" desc="Polarization" />
    <attrib name="mds3_tx_rx_polar" value="-" type="41" unit="" desc="Polarization" />
    <attrib name="mds4_tx_rx_polar" value="-" type="41" unit="" desc="Polarization" />
    <attrib name="polsar_data" value="0" type="20" unit="flag" desc="Polarimetric Matrix" />
    <attrib name="algorithm" value="-" type="41" unit="" desc="Processing algorithm" />
    <attrib name="azimuth_looks" value="1.0" type="31" unit="" desc="" />
    <attrib name="range_looks" value="1.0" type="31" unit="" desc="" />
    <attrib name="range_spacing" value="2.329562" type="31" unit="m" desc="Range sample spacing" />
    <attrib name="azimuth_spacing" value="13.939943333333332" type="31" unit="m" desc="Azimuth sample spacing" />
    <attrib name="pulse_repetition_frequency" value="1717.128973878037" type="31" unit="Hz" desc="PRF" />
    <attrib name="radar_frequency" value="5405.000454334349" type="31" unit="MHz" desc="Radar frequency" />
    <attrib name="line_time_interval" value="0.00205555628053844" type="31" unit="s" desc="" />
    <attrib name="total_size" value="4071" type="22" unit="MB" desc="Total product size" />
    <attrib name="num_output_lines" value="15363" type="22" unit="lines" desc="Raster height" />
    <attrib name="num_samples_per_line" value="70658" type="22" unit="samples" desc="Raster width" />
    <attrib name="subset_offset_x" value="0" type="22" unit="samples" desc="X coordinate of UL corner of subset in original image" />
    <attrib name="subset_offset_y" value="0" type="22" unit="samples" desc="Y coordinate of UL corner of subset in original image" />
    <attrib name="srgr_flag" value="0" type="20" unit="flag" desc="SRGR applied" />
    <attrib name="avg_scene_height" value="13.067137409598947" type="31" unit="m" desc="Average scene height ellipsoid" />
    <attrib name="map_projection" value="-" type="41" unit="" desc="Map projection applied" />
    <attrib name="is_terrain_corrected" value="0" type="20" unit="flag" desc="orthorectification applied" />
    <attrib name="DEM" value="-" type="41" unit="" desc="Digital Elevation Model used" />
    <attrib name="geo_ref_system" value="-" type="41" unit="" desc="geographic reference system" />
    <attrib name="lat_pixel_res" value="99999.0" type="31" unit="deg" desc="pixel resolution in geocoded image" />
    <attrib name="lon_pixel_res" value="99999.0" type="31" unit="deg" desc="pixel resolution in geocoded image" />
    <attrib name="slant_range_to_first_pixel" value="800184.9515240322" type="31" unit="m" desc="Slant range to 1st data sample" />
    <attrib name="ant_elev_corr_flag" value="0" type="20" unit="flag" desc="Antenna elevation applied" />
    <attrib name="range_spread_comp_flag" value="0" type="20" unit="flag" desc="range spread compensation applied" />
    <attrib name="replica_power_corr_flag" value="0" type="20" unit="flag" desc="Replica pulse power correction applied" />
    <attrib name="abs_calibration_flag" value="0" type="20" unit="flag" desc="Product calibrated" />
    <attrib name="calibration_factor" value="99999.0" type="31" unit="dB" desc="Calibration constant" />
    <attrib name="chirp_power" value="99999.0" type="31" unit="" desc="Chirp power" />
    <attrib name="inc_angle_comp_flag" value="0" type="20" unit="flag" desc="incidence angle compensation applied" />
    <attrib name="ref_inc_angle" value="99999.0" type="31" unit="" desc="Reference incidence angle" />
    <attrib name="ref_slant_range" value="99999.0" type="31" unit="" desc="Reference slant range" />
    <attrib name="ref_slant_range_exp" value="99999.0" type="31" unit="" desc="Reference slant range exponent" />
    <attrib name="rescaling_factor" value="99999.0" type="31" unit="" desc="Rescaling factor" />
    <attrib name="range_sampling_rate" value="64.34523812571427" type="31" unit="MHz" desc="Range Sampling Rate" />
    <attrib name="range_bandwidth" value="56.5" type="31" unit="MHz" desc="Bandwidth total in range" />
    <attrib name="azimuth_bandwidth" value="327.0" type="31" unit="Hz" desc="Bandwidth total in azimuth" />
    <attrib name="multilook_flag" value="0" type="20" unit="flag" desc="Multilook applied" />
    <attrib name="coregistered_stack" value="0" type="20" unit="flag" desc="Coregistration applied" />
    <attrib name="external_calibration_file" value="-" type="41" unit="" desc="External calibration file used" />
    <attrib name="orbit_state_vector_file" value="-" type="41" unit="" desc="Orbit file used" />
    <attrib name="metadata_version" value="6.0" type="41" unit="" desc="AbsMetadata version" />
  </Abstracted_Metadata>
  <tie-point-grids>
    <IW1_latitude unit="deg" desc="">
      <row value="35.798103,35.80625,35.814297,35.822247,35.8301,35.837864,35.84554,35.853127,35.860634,35.86806,35.87541,35.882683,35.88988,35.89701,35.90407,35.911064,35.91799,35.924854,35.931656,35.938396,35.94507" />
      <row value="35.632107,35.640255,35.6483,35.65625,35.664104,35.671867,35.679543,35.68713,35.694637,35.702065,35.709415,35.716686,35.72389,35.731018,35.73808,35.74507,35.752003,35.758865,35.765667,35.77241,35.779087" />
      <row value="35.466106,35.47425,35.482296,35.490242,35.498096,35.50586,35.513535,35.521126,35.528633,35.53606,35.543407,35.550686,35.557884,35.565018,35.57208,35.579075,35.586002,35.59287,35.599674,35.606415,35.613094" />
      <row value="35.300217,35.30836,35.316406,35.324352,35.332207,35.33997,35.347645,35.355232,35.36274,35.370167,35.377518,35.384796,35.392,35.399128,35.406193,35.41319,35.42012,35.426987,35.433792,35.440536,35.447216" />
      <row value="35.134193,35.142338,35.15038,35.15833,35.16618,35.173943,35.181618,35.18921,35.196716,35.204144,35.2115,35.218773,35.225975,35.23311,35.240173,35.24717,35.254105,35.26097,35.26778,35.274525,35.281208" />
      <row value="34.96816,34.976303,34.98435,34.992294,35.00015,35.00791,35.015587,35.023174,35.030685,35.038113,35.045464,35.052742,35.059948,35.06708,35.074146,35.081146,35.088078,35.094948,35.101757,35.10851,35.115192" />
      <row value="34.80212,34.81026,34.818306,34.826252,34.834106,34.84187,34.849545,34.857132,34.864643,34.872074,34.879425,34.886703,34.89391,34.901043,34.90811,34.91511,34.922047,34.928917,34.93573,34.94248,34.949165" />
      <row value="34.636066,34.64421,34.652252,34.6602,34.668053,34.675816,34.68349,34.691082,34.698593,34.706024,34.713375,34.720657,34.727863,34.735,34.742065,34.74907,34.756004,34.76288,34.76969,34.776443,34.78313" />
      <row value="34.470005,34.47815,34.48619,34.494137,34.50199,34.509754,34.51743,34.52502,34.53253,34.539963,34.547318,34.5546,34.561806,34.568943,34.576015,34.583015,34.589954,34.596832,34.603645,34.6104,34.61709" />
      <row value="34.268253,34.276394,34.28444,34.292385,34.30024,34.308002,34.31568,34.323273,34.330788,34.33822,34.345573,34.352856,34.360065,34.367207,34.37428,34.381283,34.388226,34.395103,34.40192,34.408676,34.41537" />
    </IW1_latitude>
    <IW1_longitude unit="deg" desc="">
      <row value="141.18405,141.13174,141.07993,141.02858,140.9777,140.92726,140.87726,140.82767,140.77847,140.72966,140.68123,140.63315,140.58542,140.53804,140.49098,140.44424,140.39783,140.3517,140.30586,140.26031,140.21507" />
      <row value="141.1445,141.0923,141.0406,140.98938,140.93861,140.88829,140.8384,140.7889,140.7398,140.69112,140.64278,140.59482,140.5472,140.49991,140.45296,140.40633,140.36,140.31396,140.26823,140.22278,140.17766" />
      <row value="141.10504,141.05296,141.00137,140.95026,140.8996,140.84938,140.79959,140.75021,140.70123,140.65263,140.60442,140.55655,140.50903,140.46185,140.41501,140.36847,140.32225,140.27632,140.23068,140.18533,140.14029" />
      <row value="141.06569,141.01372,140.96223,140.91124,140.86069,140.8106,140.76091,140.71164,140.66277,140.61427,140.56615,140.51839,140.47098,140.42389,140.37715,140.33072,140.28459,140.23875,140.19322,140.14796,140.10303" />
      <row value="141.02638,140.97453,140.92317,140.87227,140.82184,140.77184,140.72226,140.6731,140.62433,140.57594,140.52792,140.48027,140.43295,140.38599,140.33932,140.293,140.24696,140.20125,140.1558,140.11064,140.0658" />
      <row value="140.98717,140.93542,140.88417,140.83339,140.78305,140.73317,140.6837,140.63464,140.58597,140.53769,140.48978,140.44221,140.395,140.34813,140.30159,140.25536,140.20943,140.16379,140.11845,140.07338,140.02864" />
      <row value="140.94803,140.8964,140.84525,140.79457,140.74435,140.69456,140.6452,140.59625,140.5477,140.49951,140.4517,140.40425,140.35713,140.31036,140.2639,140.21777,140.17194,140.1264,140.08116,140.0362,139.99153" />
      <row value="140.90897,140.85745,140.80641,140.75584,140.70573,140.65605,140.6068,140.55794,140.50948,140.46141,140.4137,140.36633,140.31932,140.27264,140.22629,140.18025,140.13452,140.08908,140.04393,139.99905,139.9545" />
      <row value="140.87,140.81857,140.76764,140.71718,140.66718,140.6176,140.56845,140.5197,140.47134,140.42337,140.37575,140.32849,140.28159,140.235,140.18875,140.1428,140.09717,140.05182,140.00676,139.96199,139.91753" />
      <row value="140.82303,140.77173,140.72093,140.6706,140.62071,140.57126,140.52223,140.4736,140.42537,140.3775,140.33002,140.28287,140.23608,140.18962,140.14348,140.09764,140.05211,140.00688,139.96194,139.91727,139.87292" />
    </IW1_longitude>
    <IW1_incident_angle unit="deg" desc="">
      <row value="30.68969,31.028332,31.361765,31.690168,32.013706,32.332535,32.64681,32.956665,33.262238,33.563656,33.861042,34.15451,34.44417,34.730133,35.01249,35.291344,35.56678,35.838894,36.107765,36.373474,36.635857" />
      <row value="30.694365,31.032948,31.366323,31.69467,32.018154,32.336933,32.651154,32.96096,33.266487,33.56786,33.865204,34.158627,34.448246,34.734165,35.016483,35.295296,35.570694,35.84277,36.111607,36.37728,36.63963" />
      <row value="30.699018,31.03754,31.37086,31.69915,32.022583,32.34131,32.65548,32.965237,33.270718,33.572044,33.86934,34.162724,34.4523,34.73818,35.020454,35.29923,35.574593,35.84663,36.11543,36.38107,36.643383" />
      <row value="30.703644,31.042109,31.37537,31.703606,32.026985,32.345657,32.65978,32.96949,33.27492,33.576202,33.873455,34.166794,34.45633,34.74217,35.024406,35.303143,35.578465,35.850468,36.119232,36.38484,36.647118" />
      <row value="30.708252,31.046658,31.379862,31.708044,32.03137,32.34999,32.664062,32.973724,33.27911,33.580345,33.877556,34.170853,34.460346,34.74614,35.02834,35.307037,35.582325,35.85429,36.12302,36.388588,36.650833" />
      <row value="30.712837,31.051184,31.38433,31.71246,32.03573,32.3543,32.668324,32.97794,33.28328,33.58447,33.881634,34.17489,34.46434,34.750095,35.032253,35.310913,35.586166,35.858093,36.126785,36.392323,36.654533" />
      <row value="30.717398,31.055685,31.388779,31.71685,32.04007,32.358593,32.672565,32.982132,33.287422,33.58857,33.885693,34.1789,34.468315,34.75403,35.03615,35.314774,35.589985,35.861877,36.130535,36.396038,36.65822" />
      <row value="30.721935,31.060165,31.393202,31.721222,32.044388,32.362858,32.676785,32.9863,33.29155,33.59265,33.88973,34.1829,34.472267,34.757946,35.040028,35.31861,35.59379,35.865643,36.134266,36.399734,36.66188" />
      <row value="30.72645,31.064623,31.397604,31.725569,32.048683,32.367104,32.68098,32.99045,33.295654,33.59671,33.893745,34.186874,34.4762,34.761837,35.04388,35.32243,35.59757,35.86939,36.137978,36.40341,36.665524" />
      <row value="30.72949,31.067625,31.40057,31.728498,32.05158,32.36997,32.68381,32.99325,33.29842,33.59945,33.896454,34.189552,34.478855,34.764465,35.046486,35.325005,35.60012,35.871918,36.140484,36.405895,36.667984" />
    </IW1_incident_angle>
    <IW1_elevation_angle unit="deg" desc="">
      <row value="27.378477,27.673822,27.96438,28.25031,28.531765,28.808887,29.081814,29.350674,29.615587,29.876675,30.134043,30.3878,30.638046,30.884878,31.128387,31.36866,31.605782,31.839832,32.07089,32.299026,32.524105" />
      <row value="27.38271,27.678001,27.968508,28.254389,28.535795,28.81287,29.08575,29.354567,29.619438,29.880484,30.137812,30.391531,30.64174,30.888535,31.132008,31.372246,31.609333,31.843351,32.074375,32.302483,32.52753" />
      <row value="27.386923,27.682161,27.972616,28.258448,28.539804,28.816833,29.08967,29.358442,29.623272,29.884275,30.141565,30.395245,30.645416,30.892174,31.13561,31.375814,31.61287,31.846853,32.077847,32.30592,32.530937" />
      <row value="27.391111,27.686298,27.976702,28.262484,28.543793,28.820776,29.093567,29.362295,29.627083,29.888046,30.145296,30.398937,30.64907,30.895792,31.139194,31.379364,31.616385,31.850336,32.081295,32.30934,32.534325" />
      <row value="27.395283,27.690416,27.98077,28.266502,28.547764,28.824701,29.097448,29.366133,29.630878,29.891802,30.149012,30.402615,30.652712,30.899397,31.142763,31.382898,31.619886,31.853806,32.084732,32.312744,32.5377" />
      <row value="27.399433,27.694515,27.984818,28.2705,28.551716,28.828608,29.10131,29.369951,29.634657,29.895538,30.15271,30.406275,30.656334,30.902983,31.146315,31.386415,31.62337,31.857256,32.088154,32.316135,32.54106" />
      <row value="27.403564,27.698593,27.988846,28.27448,28.555649,28.832495,29.105152,29.373753,29.638414,29.899256,30.15639,30.409916,30.659939,30.906551,31.149849,31.389915,31.626837,31.860691,32.091557,32.319508,32.544403" />
      <row value="27.407673,27.70265,27.992853,28.278439,28.55956,28.83636,29.108974,29.377533,29.642153,29.902956,30.16005,30.413538,30.663525,30.910103,31.153364,31.393398,31.630285,31.864109,32.094944,32.322865,32.54773" />
      <row value="27.41176,27.706686,27.99684,28.282377,28.563452,28.840208,29.112778,29.381292,29.645874,29.906637,30.16369,30.417143,30.667093,30.913635,31.156862,31.396862,31.633717,31.867508,32.098312,32.326202,32.551037" />
      <row value="27.414522,27.709414,27.999533,28.285038,28.566084,28.84281,29.11535,29.383837,29.64839,29.909126,30.166157,30.419582,30.669508,30.916027,31.159231,31.39921,31.636042,31.869812,32.100594,32.328465,32.553284" />
    </IW1_elevation_angle>
    <IW1_slant_range_time unit="ns" desc="">
      <row value="5338259.5,5354749.5,5371239.5,5387729.0,5404219.0,5420709.0,5437199.0,5453689.0,5470179.0,5486669.0,5503159.0,5519649.0,5536139.0,5552629.0,5569118.5,5585608.5,5602098.5,5618588.5,5635078.5,5651568.5,5668043.0" />
      <row value="5338259.5,5354749.5,5371239.5,5387729.0,5404219.0,5420709.0,5437199.0,5453689.0,5470179.0,5486669.0,5503159.0,5519649.0,5536139.0,5552629.0,5569118.5,5585608.5,5602098.5,5618588.5,5635078.5,5651568.5,5668043.0" />
      <row value="5338259.5,5354749.5,5371239.5,5387729.0,5404219.0,5420709.0,5437199.0,5453689.0,5470179.0,5486669.0,5503159.0,5519649.0,5536139.0,5552629.0,5569118.5,5585608.5,5602098.5,5618588.5,5635078.5,5651568.5,5668043.0" />
      <row value="5338259.5,5354749.5,5371239.5,5387729.0,5404219.0,5420709.0,5437199.0,5453689.0,5470179.0,5486669.0,5503159.0,5519649.0,5536139.0,5552629.0,5569118.5,5585608.5,5602098.5,5618588.5,5635078.5,5651568.5,5668043.0" />
      <row value="5338259.5,5354749.5,5371239.5,5387729.0,5404219.0,5420709.0,5437199.0,5453689.0,5470179.0,5486669.0,5503159.0,5519649.0,5536139.0,5552629.0,5569118.5,5585608.5,5602098.5,5618588.5,5635078.5,5651568.5,5668043.0" />
      <row value="5338259.5,5354749.5,5371239.5,5387729.0,5404219.0,5420709.0,5437199.0,5453689.0,5470179.0,5486669.0,5503159.0,5519649.0,5536139.0,5552629.0,5569118.5,5585608.5,5602098.5,5618588.5,5635078.5,5651568.5,5668043.0" />
      <row value="5338259.5,5354749.5,5371239.5,5387729.0,5404219.0,5420709.0,5437199.0,5453689.0,5470179.0,5486669.0,5503159.0,5519649.0,5536139.0,5552629.0,5569118.5,5585608.5,5602098.5,5618588.5,5635078.5,5651568.5,5668043.0" />
      <row value="5338259.5,5354749.5,5371239.5,5387729.0,5404219.0,5420709.0,5437199.0,5453689.0,5470179.0,5486669.0,5503159.0,5519649.0,5536139.0,5552629.0,5569118.5,5585608.5,5602098.5,5618588.5,5635078.5,5651568.5,5668043.0" />
      <row value="5338259.5,5354749.5,5371239.5,5387729.0,5404219.0,5420709.0,5437199.0,5453689.0,5470179.0,5486669.0,5503159.0,5519649.0,5536139.0,5552629.0,5569118.5,5585608.5,5602098.5,5618588.5,5635078.5,5651568.5,5668043.0" />
      <row value="5338259.5,5354749.5,5371239.5,5387729.0,5404219.0,5420709.0,5437199.0,5453689.0,5470179.0,5486669.0,5503159.0,5519649.0,5536139.0,5552629.0,5569118.5,5585608.5,5602098.5,5618588.5,5635078.5,5651568.5,5668043.0" />
    </IW1_slant_range_time>
    <IW2_latitude unit="deg" desc="">
      <row value="36.048954,36.056877,36.064716,36.07248,36.080166,36.087776,36.095314,36.102783,36.11018,36.11751,36.12478,36.13198,36.139122,36.1462,36.15322,36.16018,36.167084,36.173935,36.18073,36.18747,36.194153" />
      <row value="35.882977,35.8909,35.898743,35.906506,35.914192,35.921806,35.929348,35.936817,35.94422,35.951553,35.958824,35.96603,35.973175,35.980255,35.987278,35.994244,36.001152,36.008007,36.014805,36.02155,36.028236" />
      <row value="35.716988,35.72491,35.732758,35.740524,35.748215,35.75583,35.763374,35.770847,35.77825,35.78559,35.792862,35.80007,35.80722,35.814304,35.82133,35.8283,35.835213,35.84207,35.848873,35.85562,35.862316" />
      <row value="35.55099,35.558918,35.566765,35.574535,35.582226,35.589844,35.597393,35.60487,35.612274,35.619617,35.626892,35.634106,35.641254,35.648346,35.655376,35.66235,35.669266,35.67613,35.682934,35.689686,35.696384" />
      <row value="35.38511,35.39304,35.400887,35.40866,35.416355,35.423977,35.431526,35.439003,35.446415,35.45376,35.46104,35.468254,35.47541,35.482502,35.489536,35.496513,35.503433,35.5103,35.51711,35.52387,35.53057" />
      <row value="35.219093,35.227024,35.23488,35.242653,35.25035,35.257973,35.265526,35.27301,35.280422,35.28777,35.29505,35.302273,35.30943,35.31653,35.323566,35.330547,35.33747,35.34434,35.351154,35.357918,35.364624" />
      <row value="35.05307,35.061005,35.06886,35.076637,35.08434,35.091965,35.09952,35.107006,35.11442,35.121773,35.12906,35.136284,35.143444,35.150547,35.15759,35.164574,35.1715,35.178375,35.185196,35.191963,35.198673" />
      <row value="34.887043,34.894978,34.902836,34.910614,34.918316,34.92595,34.933506,34.940994,34.948414,34.95577,34.96306,34.970284,34.97745,34.984554,34.9916,34.99859,35.005524,35.0124,35.019226,35.025997,35.03271" />
      <row value="34.721,34.728943,34.7368,34.744583,34.75229,34.759922,34.767483,34.774975,34.7824,34.789757,34.79705,34.80428,34.811447,34.818558,34.825607,34.8326,34.83954,34.84642,34.85325,34.860023,34.866745" />
      <row value="34.555054,34.562996,34.570858,34.57864,34.58635,34.593987,34.60155,34.609047,34.616474,34.623833,34.63113,34.638367,34.64554,34.65265,34.659706,34.666702,34.673645,34.68053,34.687363,34.694145,34.700867" />
    </IW2_latitude>
    <IW2_longitude unit="deg" desc="">
      <row value="140.2958,140.24205,140.18867,140.13567,140.08302,140.03072,139.97873,139.92708,139.87575,139.82472,139.77399,139.72353,139.67337,139.62347,139.57384,139.52448,139.47536,139.42648,139.37785,139.32945,139.28131" />
      <row value="140.25821,140.20457,140.15132,140.09843,140.0459,139.9937,139.94183,139.8903,139.83908,139.78815,139.73753,139.6872,139.63713,139.58736,139.53783,139.48857,139.43956,139.3908,139.34227,139.29398,139.24594" />
      <row value="140.22069,140.16718,140.11403,140.06125,140.00883,139.95676,139.905,139.85358,139.80246,139.75165,139.70114,139.65091,139.60097,139.55128,139.50188,139.45271,139.40381,139.35515,139.30673,139.25854,139.21062" />
      <row value="140.18323,140.12984,140.07681,140.02414,139.97183,139.91986,139.86823,139.81691,139.76591,139.71521,139.66481,139.61469,139.56485,139.51527,139.46597,139.41692,139.36812,139.31956,139.27126,139.22316,139.17534" />
      <row value="140.14587,140.09259,140.03967,139.98712,139.93492,139.88307,139.83154,139.78033,139.72945,139.67885,139.62856,139.57854,139.52881,139.47935,139.43015,139.38121,139.3325,139.28406,139.23584,139.18787,139.14014" />
      <row value="140.10855,140.05537,140.00258,139.95013,139.89806,139.84631,139.79489,139.74379,139.69301,139.64253,139.59233,139.54243,139.4928,139.44345,139.39435,139.3455,139.29692,139.24857,139.20045,139.15259,139.10497" />
      <row value="140.07129,140.01823,139.96555,139.91322,139.86124,139.8096,139.7583,139.7073,139.65663,139.60626,139.55617,139.50638,139.45685,139.4076,139.35861,139.30988,139.26138,139.21313,139.16513,139.11736,139.06984" />
      <row value="140.03409,139.98114,139.92857,139.87636,139.8245,139.77296,139.72177,139.67088,139.62032,139.57004,139.52007,139.47037,139.42096,139.37181,139.32292,139.27428,139.22589,139.17775,139.12985,139.08217,139.03474" />
      <row value="139.99696,139.94412,139.89166,139.83955,139.7878,139.73637,139.68529,139.63452,139.58405,139.53389,139.48401,139.43442,139.3851,139.33606,139.28728,139.23874,139.19046,139.14241,139.0946,139.04703,138.99971" />
      <row value="139.95992,139.90718,139.85483,139.80284,139.75119,139.69987,139.6489,139.59822,139.54787,139.4978,139.44803,139.39854,139.34933,139.30038,139.25171,139.20328,139.15509,139.10715,139.05943,139.01196,138.96474" />
    </IW2_longitude>
    <IW2_incident_angle unit="deg" desc="">
      <row value="36.311935,36.623524,36.93089,37.234146,37.533405,37.82878,38.120377,38.408287,38.692608,38.97343,39.250847,39.524933,39.795776,40.06345,40.328033,40.589592,40.848198,41.103916,41.356815,41.60695,41.854195" />
      <row value="36.315758,36.627308,36.934635,37.23785,37.537075,37.832413,38.123974,38.411846,38.696136,38.976925,39.254307,39.528366,39.799175,40.066822,40.33137,40.592903,40.85148,41.107174,41.360043,41.610153,41.857372" />
      <row value="36.31957,36.631077,36.938362,37.24154,37.540726,37.83603,38.127552,38.415394,38.699646,38.980404,39.257755,39.53178,39.802563,40.070175,40.334698,40.5962,40.854748,41.110413,41.36326,41.613342,41.860535" />
      <row value="36.323357,36.634827,36.94207,37.245213,37.54436,37.83963,38.131115,38.418922,38.70314,38.983868,39.261185,39.53518,39.80593,40.073513,40.33801,40.59948,40.858,41.11364,41.366455,41.616516,41.86368" />
      <row value="36.32713,36.638557,36.945763,37.248863,37.547977,37.84321,38.13466,38.422432,38.70662,38.98731,39.264595,39.53856,39.80928,40.076836,40.341297,40.602745,40.861237,41.116848,41.36964,41.61967,41.866814" />
      <row value="36.330883,36.64227,36.949436,37.252502,37.55158,37.84677,38.138187,38.425926,38.71008,38.990738,39.267994,39.541927,39.812614,40.080143,40.344578,40.605995,40.86446,41.120045,41.372807,41.622814,41.86993" />
      <row value="36.334618,36.645966,36.953094,37.25612,37.55516,37.85032,38.1417,38.429405,38.713524,38.994152,39.271374,39.545277,39.815937,40.08343,40.34784,40.609226,40.86767,41.123222,41.37596,41.625942,41.873035" />
      <row value="36.338333,36.649643,36.95673,37.25972,37.558723,37.853848,38.145195,38.432865,38.716953,38.997547,39.27474,39.54861,39.81924,40.086708,40.351086,40.612446,40.870857,41.12639,41.3791,41.629055,41.87612" />
      <row value="36.34203,36.6533,36.96035,37.263306,37.56227,37.857357,38.14867,38.436306,38.720364,39.000927,39.278088,39.551926,39.82253,40.089966,40.354317,40.61565,40.874035,41.129536,41.38222,41.632153,41.879192" />
      <row value="36.345707,36.656937,36.96395,37.266865,37.565796,37.860847,38.152126,38.43973,38.723755,39.004284,39.281414,39.555225,39.825798,40.093204,40.35753,40.61883,40.87719,41.132668,41.385326,41.63523,41.882248" />
    </IW2_incident_angle>
    <IW2_elevation_angle unit="deg" desc="">
      <row value="32.246063,32.513386,32.7768,33.03642,33.292343,33.54467,33.7935,34.03892,34.281017,34.51988,34.75558,34.988197,35.21781,35.444485,35.668293,35.889297,36.107567,36.323154,36.53612,36.74653,36.95427" />
      <row value="32.249535,32.51682,32.7802,33.039783,33.295673,33.54797,33.79677,34.042156,34.284225,34.523056,34.758728,34.991318,35.2209,35.44755,35.671333,35.89231,36.110554,36.32612,36.539062,36.749447,36.95716" />
      <row value="32.25299,32.52024,32.783585,33.043133,33.29899,33.551254,33.80002,34.045376,34.287415,34.526215,34.76186,34.994423,35.22398,35.450603,35.67436,35.89531,36.113525,36.329067,36.54199,36.75235,36.96004" />
      <row value="32.25643,32.523643,32.786953,33.046467,33.30229,33.554523,33.803257,34.048584,34.290592,34.52936,34.764977,34.997513,35.227043,35.45364,35.67737,35.898296,36.11649,36.332,36.5449,36.755238,36.96291" />
      <row value="32.259853,32.52703,32.790302,33.049786,33.305573,33.557774,33.806477,34.051773,34.29375,34.532494,34.768078,35.000587,35.23009,35.456657,35.680363,35.901264,36.11943,36.334923,36.5478,36.75811,36.96576" />
      <row value="32.26326,32.5304,32.79364,33.053085,33.308846,33.561012,33.80968,34.054947,34.296898,34.53561,34.771168,35.00365,35.233124,35.459667,35.683346,35.904224,36.122364,36.337833,36.550682,36.760975,36.968597" />
      <row value="32.26665,32.533756,32.79696,33.056374,33.3121,33.56423,33.812874,34.05811,34.300026,34.53871,34.774242,35.006695,35.236145,35.46266,35.686314,35.907166,36.125282,36.340725,36.553555,36.76382,36.971424" />
      <row value="32.270023,32.537094,32.800262,33.059643,33.315334,33.56744,33.816048,34.061253,34.303143,34.541798,34.7773,35.009727,35.23915,35.46564,35.689266,35.910095,36.12819,36.34361,36.55641,36.766655,36.974236" />
      <row value="32.27338,32.540417,32.80355,33.062897,33.318558,33.57063,33.819206,34.064384,34.306244,34.544872,34.780346,35.012745,35.242138,35.468605,35.692204,35.91301,36.131077,36.346474,36.559254,36.769478,36.977036" />
      <row value="32.27672,32.543716,32.80682,33.06613,33.32176,33.5738,33.82235,34.067493,34.309326,34.547924,34.78337,35.015743,35.245113,35.47155,35.69513,35.915905,36.133953,36.349323,36.56208,36.77228,36.979816" />
    </IW2_elevation_angle>
    <IW2_slant_range_time unit="ns" desc="">
      <row value="5647917.0,5667450.0,5686983.0,5706516.0,5726049.0,5745581.5,5765114.5,5784647.5,5804180.5,5823713.5,5843246.5,5862779.0,5882312.0,5901845.0,5921378.0,5940911.0,5960443.5,5979976.5,5999509.5,6019042.5,6038560.0" />
      <row value="5647917.0,5667450.0,5686983.0,5706516.0,5726049.0,5745581.5,5765114.5,5784647.5,5804180.5,5823713.5,5843246.5,5862779.0,5882312.0,5901845.0,5921378.0,5940911.0,5960443.5,5979976.5,5999509.5,6019042.5,6038560.0" />
      <row value="5647917.0,5667450.0,5686983.0,5706516.0,5726049.0,5745581.5,5765114.5,5784647.5,5804180.5,5823713.5,5843246.5,5862779.0,5882312.0,5901845.0,5921378.0,5940911.0,5960443.5,5979976.5,5999509.5,6019042.5,6038560.0" />
      <row value="5647917.0,5667450.0,5686983.0,5706516.0,5726049.0,5745581.5,5765114.5,5784647.5,5804180.5,5823713.5,5843246.5,5862779.0,5882312.0,5901845.0,5921378.0,5940911.0,5960443.5,5979976.5,5999509.5,6019042.5,6038560.0" />
      <row value="5647917.0,5667450.0,5686983.0,5706516.0,5726049.0,5745581.5,5765114.5,5784647.5,5804180.5,5823713.5,5843246.5,5862779.0,5882312.0,5901845.0,5921378.0,5940911.0,5960443.5,5979976.5,5999509.5,6019042.5,6038560.0" />
      <row value="5647917.0,5667450.0,5686983.0,5706516.0,5726049.0,5745581.5,5765114.5,5784647.5,5804180.5,5823713.5,5843246.5,5862779.0,5882312.0,5901845.0,5921378.0,5940911.0,5960443.5,5979976.5,5999509.5,6019042.5,6038560.0" />
      <row value="5647917.0,5667450.0,5686983.0,5706516.0,5726049.0,5745581.5,5765114.5,5784647.5,5804180.5,5823713.5,5843246.5,5862779.0,5882312.0,5901845.0,5921378.0,5940911.0,5960443.5,5979976.5,5999509.5,6019042.5,6038560.0" />
      <row value="5647917.0,5667450.0,5686983.0,5706516.0,5726049.0,5745581.5,5765114.5,5784647.5,5804180.5,5823713.5,5843246.5,5862779.0,5882312.0,5901845.0,5921378.0,5940911.0,5960443.5,5979976.5,5999509.5,6019042.5,6038560.0" />
      <row value="5647917.0,5667450.0,5686983.0,5706516.0,5726049.0,5745581.5,5765114.5,5784647.5,5804180.5,5823713.5,5843246.5,5862779.0,5882312.0,5901845.0,5921378.0,5940911.0,5960443.5,5979976.5,5999509.5,6019042.5,6038560.0" />
      <row value="5647917.0,5667450.0,5686983.0,5706516.0,5726049.0,5745581.5,5765114.5,5784647.5,5804180.5,5823713.5,5843246.5,5862779.0,5882312.0,5901845.0,5921378.0,5940911.0,5960443.5,5979976.5,5999509.5,6019042.5,6038560.0" />
    </IW2_slant_range_time>
    <IW3_latitude unit="deg" desc="">
      <row value="36.13079,36.13726,36.143684,36.15006,36.156387,36.16267,36.16891,36.175106,36.18126,36.18737,36.19344,36.19947,36.20546,36.211407,36.21732,36.223194,36.22903,36.23483,36.240593,36.24632,36.25201" />
      <row value="35.96487,35.971344,35.977768,35.98415,35.990482,35.99677,36.003014,36.009216,36.015373,36.02149,36.027565,36.0336,36.039593,36.045547,36.051464,36.057346,36.063187,36.068993,36.07476,36.080494,36.08619" />
      <row value="35.79894,35.805416,35.811848,35.81823,35.82457,35.830864,35.837112,35.843315,35.84948,35.855602,35.86168,35.86772,35.87372,35.87968,35.885605,35.891487,35.897335,35.903145,35.90892,35.91466,35.92036" />
      <row value="35.633003,35.639484,35.64592,35.652306,35.65865,35.664948,35.6712,35.67741,35.68358,35.689705,35.69579,35.701836,35.70784,35.713806,35.719734,35.725624,35.731476,35.737293,35.743076,35.74882,35.754524" />
      <row value="35.46718,35.473667,35.480106,35.4865,35.492847,35.49915,35.505405,35.51162,35.517796,35.523926,35.530014,35.536064,35.542076,35.548046,35.55398,35.559875,35.565735,35.571556,35.577343,35.583096,35.588806" />
      <row value="35.301228,35.307716,35.314163,35.32056,35.326912,35.333218,35.33948,35.345703,35.35188,35.358017,35.36411,35.370167,35.376183,35.38216,35.3881,35.394,35.399864,35.405693,35.411484,35.41724,35.42296" />
      <row value="35.13527,35.14176,35.148212,35.154613,35.16097,35.167282,35.17355,35.179775,35.18596,35.1921,35.1982,35.20426,35.21028,35.216263,35.22221,35.228115,35.233986,35.23982,35.245617,35.25138,35.257103" />
      <row value="34.9693,34.9758,34.982254,34.98866,34.99502,35.00134,35.00761,35.01384,35.020027,35.026176,35.03228,35.038345,35.044373,35.05036,35.056313,35.062225,35.0681,35.07394,35.079742,35.085514,35.091244" />
      <row value="34.803326,34.80983,34.816288,34.822697,34.829063,34.835384,34.841663,34.8479,34.85409,34.860245,34.866356,34.872425,34.87846,34.884453,34.890408,34.896324,34.902206,34.908054,34.913864,34.91964,34.925373" />
      <row value="34.63744,34.643948,34.65041,34.656826,34.663197,34.669525,34.675808,34.68205,34.688244,34.6944,34.70052,34.706596,34.71263,34.71863,34.724594,34.73052,34.736404,34.742256,34.748074,34.753853,34.759594" />
    </IW3_latitude>
    <IW3_longitude unit="deg" desc="">
      <row value="139.31863,139.2721,139.22575,139.17963,139.13368,139.08795,139.04239,138.99702,138.95184,138.90683,138.862,138.81734,138.77283,138.7285,138.68431,138.6403,138.59644,138.5527,138.50914,138.46571,138.42245" />
      <row value="139.28317,139.23672,139.19049,139.14445,139.09862,139.05298,139.00754,138.96227,138.91718,138.87227,138.82753,138.78296,138.73856,138.69432,138.65024,138.60631,138.56253,138.5189,138.47543,138.4321,138.38895" />
      <row value="139.24776,139.20142,139.15527,139.10934,139.06361,139.01807,138.97272,138.92754,138.88255,138.83774,138.7931,138.74863,138.70432,138.66017,138.6162,138.57236,138.52869,138.48515,138.44177,138.39853,138.35547" />
      <row value="139.21239,139.16615,139.12012,139.07428,139.02864,138.9832,138.93794,138.89287,138.84798,138.80325,138.75871,138.71434,138.67012,138.62608,138.58218,138.53845,138.49487,138.45143,138.40814,138.36499,138.32202" />
      <row value="139.17711,139.13097,139.08502,139.03929,138.99374,138.9484,138.90324,138.85826,138.81346,138.76884,138.7244,138.68011,138.636,138.59204,138.54825,138.50461,138.4611,138.41777,138.37457,138.33151,138.28864" />
      <row value="139.14183,139.0958,139.04996,139.00432,138.95888,138.91362,138.86856,138.82367,138.77898,138.73445,138.6901,138.6459,138.60188,138.55803,138.51431,138.47076,138.42737,138.38412,138.34102,138.29805,138.25526" />
      <row value="139.10661,139.06067,139.01492,138.96939,138.92404,138.87889,138.83392,138.78914,138.74452,138.70009,138.65584,138.61174,138.56781,138.52403,138.48042,138.43697,138.39366,138.35051,138.3075,138.26462,138.22192" />
      <row value="139.07144,139.0256,138.97995,138.93451,138.88925,138.8442,138.79932,138.75462,138.71011,138.66577,138.62161,138.5776,138.53377,138.4901,138.44658,138.40321,138.35999,138.31693,138.274,138.23122,138.18861" />
      <row value="139.03633,138.99057,138.94502,138.89967,138.8545,138.80954,138.76477,138.72017,138.67575,138.6315,138.58742,138.54352,138.49977,138.45619,138.41275,138.36948,138.32635,138.28337,138.24054,138.19785,138.15533" />
      <row value="139.00127,138.95561,138.91016,138.8649,138.81982,138.77496,138.73027,138.68576,138.64143,138.59729,138.5533,138.50948,138.46582,138.42233,138.379,138.3358,138.29277,138.24988,138.20714,138.16454,138.1221" />
    </IW3_longitude>
    <IW3_incident_angle unit="deg" desc="">
      <row value="41.601498,41.840797,42.077625,42.31203,42.54406,42.773766,43.001194,43.226383,43.44938,43.670223,43.88896,44.105625,44.320255,44.53289,44.743565,44.952316,45.159176,45.364174,45.567352,45.76873,45.968185" />
      <row value="41.604694,41.84397,42.080772,42.315155,42.54716,42.776844,43.00425,43.229416,43.452393,43.673214,43.89193,44.108574,44.323185,44.535797,44.746452,44.955185,45.162025,45.36701,45.570164,45.771526,45.970963" />
      <row value="41.60788,41.84713,42.083908,42.318264,42.55025,42.77991,43.00729,43.232437,43.455387,43.676193,43.894886,44.111507,44.3261,44.538692,44.74933,44.958042,45.164864,45.369827,45.572964,45.774307,45.97373" />
      <row value="41.61105,41.850273,42.08703,42.32136,42.55332,42.78296,43.01032,43.235443,43.458374,43.679153,43.897827,44.11443,44.329,44.541576,44.752193,44.960884,45.167686,45.37263,45.575752,45.777077,45.97648" />
      <row value="41.6142,41.8534,42.09013,42.32444,42.55638,42.785995,43.01333,43.23843,43.46134,43.682102,43.900753,44.117336,44.331886,44.54444,44.75504,44.96371,45.170494,45.375423,45.578526,45.779835,45.979214" />
      <row value="41.61734,41.856514,42.09322,42.327507,42.55942,42.789017,43.016327,43.24141,43.4643,43.685036,43.903667,44.12023,44.33476,44.547295,44.757874,44.96653,45.173294,45.3782,45.581287,45.782578,45.98194" />
      <row value="41.62046,41.859615,42.0963,42.33056,42.562454,42.792023,43.019314,43.24437,43.46724,43.687958,43.906567,44.123108,44.33762,44.550137,44.760696,44.96933,45.17608,45.380966,45.584034,45.78531,45.984653" />
      <row value="41.62357,41.862698,42.099358,42.333595,42.565468,42.795013,43.02228,43.24732,43.470165,43.690865,43.909454,44.125977,44.340466,44.552963,44.763504,44.97212,45.17885,45.38372,45.58677,45.788025,45.987354" />
      <row value="41.626663,41.86577,42.1024,42.33662,42.568466,42.79799,43.025238,43.25025,43.47308,43.693756,43.912327,44.128826,44.3433,44.555775,44.766296,44.974895,45.181606,45.38646,45.58949,45.79073,45.99004" />
      <row value="41.629738,41.868816,42.10543,42.339622,42.57145,42.80095,43.028175,43.25317,43.475975,43.696632,43.91518,44.131664,44.346115,44.558575,44.769073,44.977654,45.184345,45.389183,45.592194,45.793415,45.992714" />
    </IW3_incident_angle>
    <IW3_elevation_angle unit="deg" desc="">
      <row value="36.742023,36.943096,37.141872,37.3384,37.532722,37.724888,37.91493,38.102894,38.288822,38.472748,38.654713,38.83475,39.012894,39.189186,39.363647,39.536324,39.707233,39.87642,40.0439,40.209713,40.373745" />
      <row value="36.744934,36.945984,37.14474,37.341248,37.53555,37.72769,37.917713,38.10566,38.291565,38.475475,38.65742,38.837437,39.015568,39.191837,39.366283,39.53894,39.70984,39.879,40.04647,40.212265,40.37628" />
      <row value="36.747833,36.94886,37.147594,37.34408,37.53836,37.730484,37.920486,38.10841,38.2943,38.478188,38.660114,38.840115,39.018227,39.19448,39.368908,39.54155,39.71243,39.881577,40.049026,40.214806,40.378807" />
      <row value="36.750717,36.951725,37.150436,37.3469,37.54116,37.73326,37.923244,38.111153,38.29702,38.48089,38.6628,38.84278,39.020874,39.19711,39.37152,39.544144,39.715004,39.88414,40.05157,40.217335,40.38132" />
      <row value="36.753586,36.95457,37.153263,37.349705,37.543945,37.736027,37.92599,38.113876,38.299725,38.483578,38.665466,38.845432,39.023506,39.199722,39.37412,39.546722,39.71757,39.88669,40.054104,40.219852,40.383823" />
      <row value="36.756447,36.95741,37.15608,37.3525,37.54672,37.73878,37.928722,38.116592,38.30242,38.48625,38.668125,38.848072,39.026127,39.202328,39.376705,39.549294,39.720123,39.889225,40.056625,40.22236,40.386314" />
      <row value="36.75929,36.96023,37.15888,37.35528,37.54948,37.74152,37.931442,38.119293,38.305103,38.48892,38.67077,38.850697,39.028736,39.20492,39.379284,39.551853,39.722668,39.89175,40.059135,40.224854,40.388794" />
      <row value="36.76212,36.96304,37.161667,37.358047,37.552227,37.744247,37.93415,38.12198,38.307774,38.49157,38.6734,38.853313,39.031334,39.2075,39.381844,39.5544,39.725197,39.894264,40.061634,40.227333,40.39126" />
      <row value="36.764935,36.965836,37.16444,37.3608,37.55496,37.74696,37.936844,38.124653,38.31043,38.494205,38.67602,38.855915,39.03392,39.210068,39.384396,39.556934,39.727715,39.896767,40.06412,40.229805,40.393715" />
      <row value="36.76774,36.968613,37.1672,37.36354,37.55768,37.749657,37.93952,38.127316,38.31307,38.496826,38.678627,38.8585,39.036488,39.21262,39.386932,39.559452,39.730217,39.899254,40.066593,40.23226,40.396156" />
    </IW3_elevation_angle>
    <IW3_slant_range_time unit="ns" desc="">
      <row value="6018527.5,6037410.0,6056292.5,6075175.0,6094057.5,6112940.0,6131822.5,6150705.0,6169587.5,6188470.0,6207352.5,6226235.0,6245117.5,6264000.0,6282882.5,6301765.0,6320647.5,6339530.0,6358412.5,6377295.0,6396162.0" />
      <row value="6018527.5,6037410.0,6056292.5,6075175.0,6094057.5,6112940.0,6131822.5,6150705.0,6169587.5,6188470.0,6207352.5,6226235.0,6245117.5,6264000.0,6282882.5,6301765.0,6320647.5,6339530.0,6358412.5,6377295.0,6396162.0" />
      <row value="6018527.5,6037410.0,6056292.5,6075175.0,6094057.5,6112940.0,6131822.5,6150705.0,6169587.5,6188470.0,6207352.5,6226235.0,6245117.5,6264000.0,6282882.5,6301765.0,6320647.5,6339530.0,6358412.5,6377295.0,6396162.0" />
      <row value="6018527.5,6037410.0,6056292.5,6075175.0,6094057.5,6112940.0,6131822.5,6150705.0,6169587.5,6188470.0,6207352.5,6226235.0,6245117.5,6264000.0,6282882.5,6301765.0,6320647.5,6339530.0,6358412.5,6377295.0,6396162.0" />
      <row value="6018527.5,6037410.0,6056292.5,6075175.0,6094057.5,6112940.0,6131822.5,6150705.0,6169587.5,6188470.0,6207352.5,6226235.0,6245117.5,6264000.0,6282882.5,6301765.0,6320647.5,6339530.0,6358412.5,6377295.0,6396162.0" />
      <row value="6018527.5,6037410.0,6056292.5,6075175.0,6094057.5,6112940.0,6131822.5,6150705.0,6169587.5,6188470.0,6207352.5,6226235.0,6245117.5,6264000.0,6282882.5,6301765.0,6320647.5,6339530.0,6358412.5,6377295.0,6396162.0" />
      <row value="6018527.5,6037410.0,6056292.5,6075175.0,6094057.5,6112940.0,6131822.5,6150705.0,6169587.5,6188470.0,6207352.5,6226235.0,6245117.5,6264000.0,6282882.5,6301765.0,6320647.5,6339530.0,6358412.5,6377295.0,6396162.0" />
      <row value="6018527.5,6037410.0,6056292.5,6075175.0,6094057.5,6112940.0,6131822.5,6150705.0,6169587.5,6188470.0,6207352.5,6226235.0,6245117.5,6264000.0,6282882.5,6301765.0,6320647.5,6339530.0,6358412.5,6377295.0,6396162.0" />
      <row value="6018527.5,6037410.0,6056292.5,6075175.0,6094057.5,6112940.0,6131822.5,6150705.0,6169587.5,6188470.0,6207352.5,6226235.0,6245117.5,6264000.0,6282882.5,6301765.0,6320647.5,6339530.0,6358412.5,6377295.0,6396162.0" />
      <row value="6018527.5,6037410.0,6056292.5,6075175.0,6094057.5,6112940.0,6131822.5,6150705.0,6169587.5,6188470.0,6207352.5,6226235.0,6245117.5,6264000.0,6282882.5,6301765.0,6320647.5,6339530.0,6358412.5,6377295.0,6396162.0" />
    </IW3_slant_range_time>
    <latitude unit="deg" desc="">
      <row value="35.79815,35.848583,35.899017,35.94945,35.999886,36.050316,36.10075,36.151184,36.20162,36.252052" />
      <row value="35.62818,35.679077,35.729973,35.78087,35.83176,35.882656,35.93355,35.984447,36.035343,36.08624" />
      <row value="35.458214,35.50957,35.56093,35.612286,35.66364,35.714996,35.766354,35.81771,35.86907,35.920425" />
      <row value="35.288246,35.340065,35.391884,35.4437,35.495518,35.547337,35.599155,35.650974,35.702793,35.754612" />
      <row value="35.11828,35.170555,35.222836,35.275116,35.327396,35.379677,35.431957,35.484238,35.53652,35.5888" />
      <row value="34.948307,35.00105,35.05379,35.106533,35.159275,35.212017,35.26476,35.3175,35.370243,35.422985" />
      <row value="34.77834,34.831543,34.884747,34.93795,34.991154,35.044357,35.09756,35.150764,35.203968,35.25717" />
      <row value="34.60837,34.662037,34.715702,34.769367,34.823032,34.876698,34.930363,34.984028,35.037693,35.09136" />
      <row value="34.438404,34.49253,34.546658,34.600784,34.65491,34.709038,34.763165,34.81729,34.871418,34.925545" />
      <row value="34.268436,34.323025,34.377613,34.4322,34.48679,34.541378,34.595966,34.650555,34.705143,34.75973" />
    </latitude>
    <longitude unit="deg" desc="">
      <row value="141.18408,140.87724,140.5704,140.26357,139.95673,139.64987,139.34303,139.0362,138.72935,138.42252" />
      <row value="141.14397,140.83788,140.53178,140.2257,139.9196,139.61351,139.30742,139.00133,138.69524,138.38914" />
      <row value="141.10387,140.79852,140.49318,140.18784,139.88249,139.57715,139.2718,138.96646,138.66112,138.35577" />
      <row value="141.06375,140.75916,140.45456,140.14996,139.84537,139.54079,139.23619,138.9316,138.627,138.3224" />
      <row value="141.02364,140.7198,140.41595,140.1121,139.80826,139.50441,139.20056,138.89673,138.59288,138.28903" />
      <row value="140.98354,140.68044,140.37733,140.07423,139.77115,139.46805,139.16495,138.86185,138.55876,138.25566" />
      <row value="140.94342,140.64107,140.33873,140.03638,139.73402,139.43169,139.12933,138.82698,138.52464,138.22229" />
      <row value="140.9033,140.60172,140.30011,139.99852,139.69691,139.39531,139.09372,138.79211,138.49052,138.18892" />
      <row value="140.8632,140.56235,140.2615,139.96065,139.6598,139.35895,139.0581,138.75725,138.4564,138.15555" />
      <row value="140.82309,140.523,140.22289,139.92279,139.62268,139.32259,139.02248,138.72238,138.42227,138.12218" />
    </longitude>
  </tie-point-grids>
</Metadata>
